{
 "__fileName__": "base/meta/Observer/X1_Khazra_Omega_FinalBoss_Death_Observer.obs",
 "__snoID__": 2043292,
 "__type__": "ObserverDefinition",
 "__typeHash__": 134857105,
 "aFOV": 0.7853981852531433,
 "wvLookAtOffsetVector": {
  "x": -0.5,
  "y": -0.5,
  "z": -0.20000000298023224
 },
 "wvCameraOffsetVector": {
  "x": 12,
  "y": 12,
  "z": 18.20039939880371
 },
 "flCameraOffsetScalar": 0.800000011920929,
 "flMaximumCameraOffsetScalar": 1.149999976158142,
 "unk_1928fc8": 2533832665,
 "fOverrideListenerOffsetVector": false,
 "wvListenerOffsetVector": {
  "x": 0,
  "y": 0,
  "z": 0.6000000238418579
 },
 "unk_c9a32ec": 0.009999999776482582,
 "unk_3ac51ed": 7,
 "fOrthographic": false,
 "flFocalPlane": 12,
 "flFStop": 0,
 "unk_101b2fc": 0,
 "unk_6749d34": 0,
 "unk_839bfef": 0,
 "flZFar": 300,
 "flHeight": 96,
 "flFogStartScalar": 1,
 "flFogExponentScalar": 1,
 "unk_551d996": 6,
 "unk_e8a7758": 10,
 "unk_4f566f0": -0.5323254466056824,
 "unk_4771732": 0.6981316804885864,
 "flFollowSpeed": 1,
 "flFollowMaxLag": 0.6600000262260437,
 "unk_f4da6b2": 0.800000011920929,
 "unk_483b79": 0.800000011920929,
 "unk_57e840d": 0.0872664600610733,
 "unk_d6fad4": 0.0872664600610733,
 "unk_6b455b8": 1.0471975803375244,
 "unk_15b7944": 0,
 "fCameraPercentFogDensity": 1,
 "bVelocityCamera": false,
 "flVelocityCameraSpeedModifier": 1,
 "flVelocityCameraInterpolationSpeed": 2,
 "flVelocityCameraMaxDistance": 10,
 "flVelocityCameraMinSpeed": 1,
 "unk_ee8e3a": 0.019999999552965164,
 "unk_e45f065": 0.029999999329447746
}
