{
 "__fileName__": "base/meta/MarkerSet/Naha_Cliff_Overgrown_A.mrk",
 "__snoID__": 1855902,
 "__type__": "MarkerSetDefinition",
 "__typeHash__": 4093179991,
 "tMarkerSet": [
  {
   "__type__": "Marker",
   "__typeHash__": 3132676386,
   "dwHash": 3809465483,
   "nID": 21,
   "eType": 0,
   "transform": {
    "__type__": "PRTransform",
    "__typeHash__": 2588169118,
    "q": {
     "__type__": "bcQuat",
     "__typeHash__": 3955716320,
     "x": 0.5640112161636353,
     "y": -0.04810452461242676,
     "z": 0.7542505264282227,
     "w": -0.3326914608478546
    },
    "wp": {
     "x": 4.3530402183532715,
     "y": 0.29111599922180176,
     "z": -1.6751699447631836
    }
   },
   "snoname": {
    "__raw__": 1852949,
    "__group__": 24,
    "__type__": "DT_SNO_NAME",
    "__typeHash__": 3339108615,
    "__targetFileName__": "base/meta/MarkerSet/Naha_CorpseNoFlower_Vine_L.mrk",
    "groupName": "MarkerSet",
    "name": "Naha_CorpseNoFlower_Vine_L"
   },
   "dwMarkerFlags": 0,
   "dwMarkerFlagsEx": 0,
   "vecScale": {
    "x": 1.268380045890808,
    "y": 1.268380045890808,
    "z": 1.268380045890808
   },
   "ptBase": [
    {
     "__type__": "MarkerPrefabData",
     "__typeHash__": 3127494188,
     "dwType": 3127494188,
     "dwPad": 0,
     "arPrefabCustomizations": []
    }
   ],
   "ptGroupData": [],
   "ptMarkerLinks": [],
   "unk_c339f69": -1,
   "tIGCHideSettings": {
    "__type__": "MarkerIGCHideSettings",
    "__typeHash__": 867785856,
    "nHideGroup": 0,
    "dwFlags": 0
   },
   "dwSeed": 0,
   "tPrefabData": {
    "__type__": "PrefabData",
    "__typeHash__": 3988626058,
    "dwFlags": 0,
    "eOverrideFadeSettings": 0,
    "eFadeMethod": 0,
    "nFadeGroup": 0,
    "tIGCHideSettings": {
     "__type__": "MarkerIGCHideSettings",
     "__typeHash__": 867785856,
     "nHideGroup": 0,
     "dwFlags": 0
    },
    "eNavBehavior": 0,
    "eCullingLevel": 0,
    "szLookOverride": 0,
    "dwShaderMapOverride": 4294967295,
    "ptRunTimeMaterialValues": []
   }
  },
  {
   "__type__": "Marker",
   "__typeHash__": 3132676386,
   "dwHash": 3803535878,
   "nID": 22,
   "eType": 0,
   "transform": {
    "__type__": "PRTransform",
    "__typeHash__": 2588169118,
    "q": {
     "__type__": "bcQuat",
     "__typeHash__": 3955716320,
     "x": 0.1531524360179901,
     "y": 0.5349595546722412,
     "z": 0.03141232207417488,
     "w": 0.8302866220474243
    },
    "wp": {
     "x": 3.6101999282836914,
     "y": -2.9015700817108154,
     "z": -2.1805500984191895
    }
   },
   "snoname": {
    "__raw__": 1852935,
    "__group__": 24,
    "__type__": "DT_SNO_NAME",
    "__typeHash__": 3339108615,
    "__targetFileName__": "base/meta/MarkerSet/Naha_CorpseNoFlower_Vine_G.mrk",
    "groupName": "MarkerSet",
    "name": "Naha_CorpseNoFlower_Vine_G"
   },
   "dwMarkerFlags": 0,
   "dwMarkerFlagsEx": 0,
   "vecScale": {
    "x": 1,
    "y": 1,
    "z": 1
   },
   "ptBase": [
    {
     "__type__": "MarkerPrefabData",
     "__typeHash__": 3127494188,
     "dwType": 3127494188,
     "dwPad": 0,
     "arPrefabCustomizations": []
    }
   ],
   "ptGroupData": [],
   "ptMarkerLinks": [],
   "unk_c339f69": -1,
   "tIGCHideSettings": {
    "__type__": "MarkerIGCHideSettings",
    "__typeHash__": 867785856,
    "nHideGroup": 0,
    "dwFlags": 0
   },
   "dwSeed": 0,
   "tPrefabData": {
    "__type__": "PrefabData",
    "__typeHash__": 3988626058,
    "dwFlags": 0,
    "eOverrideFadeSettings": 0,
    "eFadeMethod": 0,
    "nFadeGroup": 0,
    "tIGCHideSettings": {
     "__type__": "MarkerIGCHideSettings",
     "__typeHash__": 867785856,
     "nHideGroup": 0,
     "dwFlags": 0
    },
    "eNavBehavior": 0,
    "eCullingLevel": 0,
    "szLookOverride": 0,
    "dwShaderMapOverride": 4294967295,
    "ptRunTimeMaterialValues": []
   }
  }
 ],
 "dwMarkerSetFlags": 66057,
 "nLabel": null,
 "snoCampaignEnableCondition": null,
 "arPrefabDataInfo": [],
 "ptPrefabDataMap": "0",
 "ptChunks": [],
 "ptMergedMsgTriggeredEvents": [],
 "unk_2bbd1d": {
  "__type__": "Type_c8d78ce7",
  "__typeHash__": 3369569511,
  "nWidth": 0,
  "nHeight": 0,
  "nDepth": 0,
  "dwPitch": 0,
  "dwSlicePitch": 0,
  "flGridSize": 0,
  "wpOrigin": {
   "x": 0,
   "y": 0,
   "z": 0
  },
  "unk_4b236f4": "0",
  "unk_aa0958e": {
   "__type__": "DT_VARIABLEARRAY",
   "__typeHash__": 3244749660,
   "__flags__": 2097153,
   "__external__": true,
   "value": {
    "__typeHash__": 1028759507,
    "__type__": "DT_WORD",
    "dataOffset": 0,
    "dataSize": 0
   }
  },
  "unk_aa09583": {
   "__type__": "DT_VARIABLEARRAY",
   "__typeHash__": 3244749660,
   "__flags__": 2097153,
   "__external__": true,
   "value": {
    "__typeHash__": 1028759507,
    "__type__": "DT_WORD",
    "dataOffset": 0,
    "dataSize": 0
   }
  },
  "unk_aa0957e": {
   "__type__": "DT_VARIABLEARRAY",
   "__typeHash__": 3244749660,
   "__flags__": 2097153,
   "__external__": true,
   "value": {
    "__typeHash__": 1028759507,
    "__type__": "DT_WORD",
    "dataOffset": 0,
    "dataSize": 0
   }
  },
  "unk_dd3cf4b": {
   "__type__": "DT_VARIABLEARRAY",
   "__typeHash__": 3244749660,
   "__flags__": 2097153,
   "__external__": true,
   "value": {
    "__typeHash__": 1028759507,
    "__type__": "DT_WORD",
    "dataOffset": 0,
    "dataSize": 0
   }
  },
  "unk_dd3cf40": {
   "__type__": "DT_VARIABLEARRAY",
   "__typeHash__": 3244749660,
   "__flags__": 2097153,
   "__external__": true,
   "value": {
    "__typeHash__": 1028759507,
    "__type__": "DT_WORD",
    "dataOffset": 0,
    "dataSize": 0
   }
  },
  "unk_dd3cf3b": {
   "__type__": "DT_VARIABLEARRAY",
   "__typeHash__": 3244749660,
   "__flags__": 2097153,
   "__external__": true,
   "value": {
    "__typeHash__": 1028759507,
    "__type__": "DT_WORD",
    "dataOffset": 0,
    "dataSize": 0
   }
  }
 }
}
