{
 "__fileName__": "base/meta/MarkerSet/Naha_Buildings_Flavor_Ruins_Shrine_Integrated_01.mrk",
 "__snoID__": 1968370,
 "__type__": "MarkerSetDefinition",
 "__typeHash__": 4093179991,
 "tMarkerSet": [
  {
   "__type__": "Marker",
   "__typeHash__": 3132676386,
   "dwHash": 4045554289,
   "nID": 76,
   "eType": 0,
   "transform": {
    "__type__": "PRTransform",
    "__typeHash__": 2588169118,
    "q": {
     "__type__": "bcQuat",
     "__typeHash__": 3955716320,
     "x": -0.08126483857631683,
     "y": -0.048559486865997314,
     "z": -0.5535823106765747,
     "w": -0.8273963928222656
    },
    "wp": {
     "x": -0.11456699669361115,
     "y": 0.3816530108451843,
     "z": 1.6479599475860596
    }
   },
   "snoname": {
    "__raw__": 1633728,
    "__group__": 24,
    "__type__": "DT_SNO_NAME",
    "__typeHash__": 3339108615,
    "__targetFileName__": "base/meta/MarkerSet/Tora_Deep_Jungle_Debris_02_Moss.mrk",
    "groupName": "MarkerSet",
    "name": "Tora_Deep_Jungle_Debris_02_Moss"
   },
   "dwMarkerFlags": 2048,
   "dwMarkerFlagsEx": 0,
   "vecScale": {
    "x": 0.846934974193573,
    "y": 0.846934974193573,
    "z": 0.846934974193573
   },
   "ptBase": [
    {
     "__type__": "MarkerPrefabData",
     "__typeHash__": 3127494188,
     "dwType": 3127494188,
     "dwPad": 0,
     "arPrefabCustomizations": []
    }
   ],
   "ptGroupData": [
    {
     "__type__": "MarkerGroupData",
     "__typeHash__": 3312843337,
     "tLocalTransform": {
      "__type__": "PRTransform",
      "__typeHash__": 2588169118,
      "q": {
       "__type__": "bcQuat",
       "__typeHash__": 3955716320,
       "x": -0.08126483112573624,
       "y": -0.048559486865997314,
       "z": -0.5535823106765747,
       "w": -0.8273963332176208
      },
      "wp": {
       "x": -0.11456699669361115,
       "y": 0.3816530108451843,
       "z": 1.6479599475860596
      }
     },
     "vecLocalScale": {
      "x": 0.846934974193573,
      "y": 0.846934974193573,
      "z": 0.846934974193573
     }
    }
   ],
   "ptMarkerLinks": [],
   "unk_c339f69": -1,
   "tIGCHideSettings": {
    "__type__": "MarkerIGCHideSettings",
    "__typeHash__": 867785856,
    "nHideGroup": 0,
    "dwFlags": 0
   },
   "dwSeed": 0,
   "tPrefabData": {
    "__type__": "PrefabData",
    "__typeHash__": 3988626058,
    "dwFlags": 24,
    "eOverrideFadeSettings": 0,
    "eFadeMethod": 0,
    "nFadeGroup": 0,
    "tIGCHideSettings": {
     "__type__": "MarkerIGCHideSettings",
     "__typeHash__": 867785856,
     "nHideGroup": 0,
     "dwFlags": 0
    },
    "eNavBehavior": 3,
    "eCullingLevel": 0,
    "szLookOverride": 0,
    "dwShaderMapOverride": 4294967295,
    "ptRunTimeMaterialValues": []
   }
  },
  {
   "__type__": "Marker",
   "__typeHash__": 3132676386,
   "dwHash": 3977752912,
   "nID": 77,
   "eType": 0,
   "transform": {
    "__type__": "PRTransform",
    "__typeHash__": 2588169118,
    "q": {
     "__type__": "bcQuat",
     "__typeHash__": 3955716320,
     "x": 0.08004515618085861,
     "y": -0.06401757895946503,
     "z": -0.9637078642845154,
     "w": -0.24649891257286072
    },
    "wp": {
     "x": 0.06497190147638321,
     "y": 0.021972699090838432,
     "z": 1.8223899602890015
    }
   },
   "snoname": {
    "__raw__": 1633729,
    "__group__": 24,
    "__type__": "DT_SNO_NAME",
    "__typeHash__": 3339108615,
    "__targetFileName__": "base/meta/MarkerSet/Tora_Deep_Jungle_Debris_01_Moss.mrk",
    "groupName": "MarkerSet",
    "name": "Tora_Deep_Jungle_Debris_01_Moss"
   },
   "dwMarkerFlags": 2048,
   "dwMarkerFlagsEx": 0,
   "vecScale": {
    "x": 0.8052129745483398,
    "y": 0.8052129745483398,
    "z": 0.8052129745483398
   },
   "ptBase": [
    {
     "__type__": "MarkerPrefabData",
     "__typeHash__": 3127494188,
     "dwType": 3127494188,
     "dwPad": 0,
     "arPrefabCustomizations": []
    }
   ],
   "ptGroupData": [
    {
     "__type__": "MarkerGroupData",
     "__typeHash__": 3312843337,
     "tLocalTransform": {
      "__type__": "PRTransform",
      "__typeHash__": 2588169118,
      "q": {
       "__type__": "bcQuat",
       "__typeHash__": 3955716320,
       "x": 0.08004514127969742,
       "y": -0.06401756405830383,
       "z": -0.9637078046798706,
       "w": -0.24649888277053833
      },
      "wp": {
       "x": 0.06497190147638321,
       "y": 0.021972699090838432,
       "z": 1.8223899602890015
      }
     },
     "vecLocalScale": {
      "x": 0.8052129745483398,
      "y": 0.8052129745483398,
      "z": 0.8052129745483398
     }
    }
   ],
   "ptMarkerLinks": [],
   "unk_c339f69": -1,
   "tIGCHideSettings": {
    "__type__": "MarkerIGCHideSettings",
    "__typeHash__": 867785856,
    "nHideGroup": 0,
    "dwFlags": 0
   },
   "dwSeed": 0,
   "tPrefabData": {
    "__type__": "PrefabData",
    "__typeHash__": 3988626058,
    "dwFlags": 24,
    "eOverrideFadeSettings": 0,
    "eFadeMethod": 0,
    "nFadeGroup": 0,
    "tIGCHideSettings": {
     "__type__": "MarkerIGCHideSettings",
     "__typeHash__": 867785856,
     "nHideGroup": 0,
     "dwFlags": 0
    },
    "eNavBehavior": 3,
    "eCullingLevel": 0,
    "szLookOverride": 0,
    "dwShaderMapOverride": 4294967295,
    "ptRunTimeMaterialValues": []
   }
  },
  {
   "__type__": "Marker",
   "__typeHash__": 3132676386,
   "dwHash": 4045554290,
   "nID": 78,
   "eType": 0,
   "transform": {
    "__type__": "PRTransform",
    "__typeHash__": 2588169118,
    "q": {
     "__type__": "bcQuat",
     "__typeHash__": 3955716320,
     "x": 0.19154644012451172,
     "y": 0.09342698752880096,
     "z": -0.5808112621307373,
     "w": -0.7856460213661194
    },
    "wp": {
     "x": -2.542140007019043,
     "y": 2.881230115890503,
     "z": 0.739001989364624
    }
   },
   "snoname": {
    "__raw__": 1633728,
    "__group__": 24,
    "__type__": "DT_SNO_NAME",
    "__typeHash__": 3339108615,
    "__targetFileName__": "base/meta/MarkerSet/Tora_Deep_Jungle_Debris_02_Moss.mrk",
    "groupName": "MarkerSet",
    "name": "Tora_Deep_Jungle_Debris_02_Moss"
   },
   "dwMarkerFlags": 2048,
   "dwMarkerFlagsEx": 0,
   "vecScale": {
    "x": 0.846934974193573,
    "y": 0.846934974193573,
    "z": 0.846934974193573
   },
   "ptBase": [
    {
     "__type__": "MarkerPrefabData",
     "__typeHash__": 3127494188,
     "dwType": 3127494188,
     "dwPad": 0,
     "arPrefabCustomizations": []
    }
   ],
   "ptGroupData": [
    {
     "__type__": "MarkerGroupData",
     "__typeHash__": 3312843337,
     "tLocalTransform": {
      "__type__": "PRTransform",
      "__typeHash__": 2588169118,
      "q": {
       "__type__": "bcQuat",
       "__typeHash__": 3955716320,
       "x": 0.19154644012451172,
       "y": 0.09342699497938156,
       "z": -0.5808112621307373,
       "w": -0.7856460213661194
      },
      "wp": {
       "x": -2.542140007019043,
       "y": 2.881230115890503,
       "z": 0.739001989364624
      }
     },
     "vecLocalScale": {
      "x": 0.846934974193573,
      "y": 0.846934974193573,
      "z": 0.846934974193573
     }
    }
   ],
   "ptMarkerLinks": [],
   "unk_c339f69": -1,
   "tIGCHideSettings": {
    "__type__": "MarkerIGCHideSettings",
    "__typeHash__": 867785856,
    "nHideGroup": 0,
    "dwFlags": 0
   },
   "dwSeed": 0,
   "tPrefabData": {
    "__type__": "PrefabData",
    "__typeHash__": 3988626058,
    "dwFlags": 24,
    "eOverrideFadeSettings": 0,
    "eFadeMethod": 0,
    "nFadeGroup": 0,
    "tIGCHideSettings": {
     "__type__": "MarkerIGCHideSettings",
     "__typeHash__": 867785856,
     "nHideGroup": 0,
     "dwFlags": 0
    },
    "eNavBehavior": 3,
    "eCullingLevel": 0,
    "szLookOverride": 0,
    "dwShaderMapOverride": 4294967295,
    "ptRunTimeMaterialValues": []
   }
  }
 ],
 "dwMarkerSetFlags": 66057,
 "nLabel": null,
 "snoCampaignEnableCondition": null,
 "arPrefabDataInfo": [
  {
   "__type__": "PrefabDataInfo",
   "__typeHash__": 1894103222,
   "dwMarkerPathID": 2167876889,
   "tPrefabData": {
    "__type__": "PrefabData",
    "__typeHash__": 3988626058,
    "dwFlags": 24,