{
 "__fileName__": "base/meta/MarkerSet/Naha_FiveHills (Naha_FiveHills_01_DuckUnder_TreeProp).mrk",
 "__snoID__": 1966997,
 "__type__": "MarkerSetDefinition",
 "__typeHash__": 4093179991,
 "tMarkerSet": [
  {
   "__type__": "Marker",
   "__typeHash__": 3132676386,
   "dwHash": 463661007,
   "nID": 33,
   "eType": 5,
   "transform": {
    "__type__": "PRTransform",
    "__typeHash__": 2588169118,
    "q": {
     "__type__": "bcQuat",
     "__typeHash__": 3955716320,
     "x": -0.6335461139678955,
     "y": 0.06929798424243927,
     "z": 0.745395302772522,
     "w": -0.19545553624629974
    },
    "wp": {
     "x": 1394.2366943359375,
     "y": 164.31927490234375,
     "z": 16.17584991455078
    }
   },
   "snoname": null,
   "dwMarkerFlags": 0,
   "dwMarkerFlagsEx": 0,
   "vecScale": {
    "x": 0.8254500031471252,
    "y": 0.8254500031471252,
    "z": 0.8254500031471252
   },
   "ptBase": [],
   "ptGroupData": [
    {
     "__type__": "MarkerGroupData",
     "__typeHash__": 3312843337,
     "tLocalTransform": {
      "__type__": "PRTransform",
      "__typeHash__": 2588169118,
      "q": {
       "__type__": "bcQuat",
       "__typeHash__": 3955716320,
       "x": -0.7461013793945312,
       "y": -0.0028508452232927084,
       "z": 0.5689665079116821,
       "w": -0.3458351194858551
      },
      "wp": {
       "x": -0.7042779922485352,
       "y": 2.1885199546813965,
       "z": 2.381619930267334
      }
     },
     "vecLocalScale": {
      "x": 1.3189300298690796,
      "y": 1.3189300298690796,
      "z": 1.3189300298690796
     }
    }
   ],
   "ptMarkerLinks": [],
   "unk_c339f69": 3,
   "tIGCHideSettings": {
    "__type__": "MarkerIGCHideSettings",
    "__typeHash__": 867785856,
    "nHideGroup": 0,
    "dwFlags": 0
   },
   "dwSeed": 0,
   "tPrefabData": {
    "__type__": "PrefabData",
    "__typeHash__": 3988626058,
    "dwFlags": 16,
    "eOverrideFadeSettings": 0,
    "eFadeMethod": 0,
    "nFadeGroup": 0,
    "tIGCHideSettings": {
     "__type__": "MarkerIGCHideSettings",
     "__typeHash__": 867785856,
     "nHideGroup": 0,
     "dwFlags": 0
    },
    "eNavBehavior": 1,
    "eCullingLevel": 0,
    "szLookOverride": 0,
    "dwShaderMapOverride": 4294967295,
    "ptRunTimeMaterialValues": []
   }
  },
  {
   "__type__": "Marker",
   "__typeHash__": 3132676386,
   "dwHash": 463661008,
   "nID": 136,
   "eType": 5,
   "transform": {
    "__type__": "PRTransform",
    "__typeHash__": 2588169118,
    "q": {
     "__type__": "bcQuat",
     "__typeHash__": 3955716320,
     "x": -0.14134229719638824,
     "y": -0.038591302931308746,
     "z": 0.7424139380455017,
     "w": 0.6537238359451294
    },
    "wp": {
     "x": 1394.05322265625,
     "y": 164.06561279296875,
     "z": 15.931180953979492
    }
   },
   "snoname": null,
   "dwMarkerFlags": 0,
   "dwMarkerFlagsEx": 0,
   "vecScale": {
    "x": 0.9999989867210388,
    "y": 0.9999989867210388,
    "z": 0.9999989867210388
   },
   "ptBase": [],
   "ptGroupData": [
    {
     "__type__": "MarkerGroupData",
     "__typeHash__": 3312843337,
     "tLocalTransform": {
      "__type__": "PRTransform",
      "__typeHash__": 2588169118,
      "q": {
       "__type__": "bcQuat",
       "__typeHash__": 3955716320,
       "x": -0.2763603925704956,
       "y": -0.15382644534111023,
       "z": 0.8236637711524963,
       "w": 0.4706808924674988
      },
      "wp": {
       "x": -0.6708120107650757,
       "y": 1.7030400037765503,
       "z": 1.973889946937561
      }
     },
     "vecLocalScale": {
      "x": 1.597830057144165,
      "y": 1.597830057144165,
      "z": 1.597830057144165
     }
    }
   ],
   "ptMarkerLinks": [],
   "unk_c339f69": 3,
   "tIGCHideSettings": {
    "__type__": "MarkerIGCHideSettings",
    "__typeHash__": 867785856,
    "nHideGroup": 0,
    "dwFlags": 0
   },
   "dwSeed": 0,
   "tPrefabData": {
    "__type__": "PrefabData",
    "__typeHash__": 3988626058,
    "dwFlags": 0,
    "eOverrideFadeSettings": 0,
    "eFadeMethod": 0,
    "nFadeGroup": 0,
    "tIGCHideSettings": {
     "__type__": "MarkerIGCHideSettings",
     "__typeHash__": 867785856,
     "nHideGroup": 0,
     "dwFlags": 0
    },
    "eNavBehavior": 0,
    "eCullingLevel": 0,
    "szLookOverride": 0,
    "dwShaderMapOverride": 4294967295,
    "ptRunTimeMaterialValues": []
   }
  },
  {
   "__type__": "Marker",
   "__typeHash__": 3132676386,
   "dwHash": 463661009,
   "nID": 177,
   "eType": 5,
   "transform": {
    "__type__": "PRTransform",
    "__typeHash__": 2588169118,
    "q": {
     "__type__": "bcQuat",
     "__typeHash__": 3955716320,
     "x": 0.2713263928890228,
     "y": 0.5770590305328369,
     "z": -0.43657824397087097,
     "w": -0.6346529722213745
    },
    "wp": {
     "x": 1394.3580322265625,
     "y": 162.5209197998047,
     "z": 15.714323043823242
    }
   },
   "snoname": null,
   "dwMarkerFlags": 0,
   "dwMarkerFlagsEx": 0,
   "vecScale": {
    "x": 0.9999989867210388,
    "y": 0.9999989867210388,
    "z": 0.9999989867210388
   },
   "ptBase": [],
   "ptGroupData": [
    {
     "__type__": "MarkerGroupData",
     "__typeHash__": 3312843337,
     "tLocalTransform": {
      "__type__": "PRTransform",
      "__typeHash__": 2588169118,
      "q": {
       "__type__": "bcQuat",
       "__typeHash__": 3955716320,
       "x": 0.24100136756896973,
       "y": 0.7054578065872192,
       "z": -0.5197966694831848,
       "w": -0.4172039031982422
      },
      "wp": {
       "x": 0.7929739952087402,
       "y": -0.366784006357193,
       "z": 2.122960090637207
      }
     },
     "vecLocalScale": {
      "x": 1.597830057144165,
      "y": 1.597830057144165,
      "z": 1.597830057144165
     }
    }
   ],
   "ptMarkerLinks": [],
   "unk_c339f69": 3,
   "tIGCHideSettings": {
    "__type__": "MarkerIGCHideSettings",
    "__typeHash__": 867785856,
    "nHideGroup": 0,
    "dwFlags": 0
   },
   "dwSeed": 0,
   "tPrefabData": {
    "__type__": "PrefabData",
    "__typeHash__": 3988626058,
    "dwFlags": 0,
    "eOverrideFadeSettings": 0,
    "eFadeMethod": 0,
    "nFadeGroup": 0,
    "tIGCHideSettings": {
     "__type__": "MarkerIGCHideSettings",
     "__typeHash__": 867785856,
     "nHideGroup": 0,
     "dwFlags": 0
    },
    "eNavBehavior": 0,
    "eCullingLevel": 0,
    "szLookOverride": 0,
    "dwShaderMapOverride": 4294967295,
    "ptRunTimeMaterialValues": []
   }
  },
  {
   "__type__": "Marker",
   "__typeHash__": 3132676386,
   "dwHash": 463661010,
   "nID": 254,
   "eType": 5,
   "transform": {
    "__type__": "PRTransform",
    "__typeHash__": 2588169118,
    "q": {
     "__type__": "bcQuat",
     "__typeHash__": 3955716320,
     "x": 0.03171961382031441,
     "y": 0.1711510419845581,
     "z": -0.20008566975593567,
     "w": 0.9641924500465393
    },
    "wp": {
     "x": 1393.5999755859375,
     "y": 163.08999633789062,
     "z": 14.634599685668945
    }
   },
   "snoname": null,
   "dwMarkerFlags": 0,
   "dwMarkerFlagsEx": 0,
   "vecScale": {
    "x": 0.6258479952812195,
    "y": 0.6258479952812195,
    "z": 0.6258479952812195
   },
   "ptBase": [],
   "ptGroupData": [],
   "ptMarkerLinks": [],
   "unk_c339f69": -1,
   "tIGCHideSettings": {
    "__type__": "MarkerIGCHideSettings",
    "__typeHash__": 867785856,
    "nHideGroup": 0,
    "dwFlags": 0
   },
   "dwSeed": 0,
   "tPrefabData": {
    "__type__": "PrefabData",
    "__typeHash__": 3988626058,
    "dwFlags": 2056,
    "eOverrideFadeSettings": 3,
    "eFadeMethod": 0,
    "nFadeGroup": 0,
    "tIGCHideSettings": {
     "__type__": "MarkerIGCHideSettings",
     "__typeHash__": 867785856,
     "nHideGroup": 0,
     "dwFlags": 0
    },
    "eNavBehavior": 0,
    "eCullingLevel": 0,
    "szLookOverride": 3805804618,
    "dwShaderMapOverride": 4294967295,
    "ptRunTimeMaterialValues": []
   }
  },
  {
   "__type__": "Marker",
   "__typeHash__": 3132676386,
   "dwHash": 1419568086,
   "nID": 256,
   "eType": 0,
   "transform": {
    "__type__": "PRTransform",
    "__typeHash__": 2588169118,
    "q": {
     "__type__": "bcQuat",