{
 "__fileName__": "base/meta/MarkerSet/S05_Prop_Zarbinzet_Wood_Cross_Empty_Any_1x1_04_Arrangement_SP.mrk",
 "__snoID__": 1958320,
 "__type__": "MarkerSetDefinition",
 "__typeHash__": 4093179991,
 "tMarkerSet": [
  {
   "__type__": "Marker",
   "__typeHash__": 3132676386,
   "dwHash": 3078557000,
   "nID": 1,
   "eType": 0,
   "transform": {
    "__type__": "PRTransform",
    "__typeHash__": 2588169118,
    "q": {
     "__type__": "bcQuat",
     "__typeHash__": 3955716320,
     "x": 0.09052100777626038,
     "y": -0.09462407231330872,
     "z": -0.7163776159286499,
     "w": 0.6853140592575073
    },
    "wp": {
     "x": 0.028473900631070137,
     "y": 0.41615501046180725,
     "z": 2.9962000846862793
    }
   },
   "snoname": {
    "__raw__": 185141,
    "__group__": 1,
    "__type__": "DT_SNO_NAME",
    "__typeHash__": 3339108615,
    "__targetFileName__": "base/meta/Actor/Drown_Rope_10.acr",
    "groupName": "Actor",
    "name": "Drown_Rope_10"
   },
   "dwMarkerFlags": 1410,
   "dwMarkerFlagsEx": 0,
   "vecScale": {
    "x": 0.5876049995422363,
    "y": 0.5876049995422363,
    "z": 0.5876049995422363
   },
   "ptBase": [
    {
     "__type__": "MarkerActorData",
     "__typeHash__": 2780317717,
     "dwType": 2780317717,
     "dwPad": 0,
     "szLookName": 0,
     "dwShaderMapOverride": 4294967295,
     "gbidAddOnType": null,
     "dwMarkerActorFlags": 0,
     "eFadeMethod": 0,
     "nFadeGroup": 0,
     "eNavBehavior": 1,
     "unk_529dc44": 2,
     "eActorType": 5,
     "eGizmoType": -1,
     "unk_940ff8e": 0,
     "ptServerData": [],
     "ptMonsterActorData": [],
     "ptActorGizmoData": [],
     "ptNPCActorData": [],
     "arBakedBoneTransforms": [],
     "eCullingLevelOverride": 0,
     "ptRunTimeMaterialValues": []
    }
   ],
   "ptGroupData": [
    {
     "__type__": "MarkerGroupData",
     "__typeHash__": 3312843337,
     "tLocalTransform": {
      "__type__": "PRTransform",
      "__typeHash__": 2588169118,
      "q": {
       "__type__": "bcQuat",
       "__typeHash__": 3955716320,
       "x": 0.09052100777626038,
       "y": -0.09462407231330872,
       "z": -0.7163776159286499,
       "w": 0.6853140592575073
      },
      "wp": {
       "x": 0.028473900631070137,
       "y": 0.41615501046180725,
       "z": 2.9962000846862793
      }
     },
     "vecLocalScale": {
      "x": 0.5876049995422363,
      "y": 0.5876049995422363,
      "z": 0.5876049995422363
     }
    }
   ],
   "ptMarkerLinks": [],
   "unk_c339f69": 3,
   "dwSeed": 0,
   "tPrefabData": {
    "__type__": "PrefabData",
    "__typeHash__": 3988626058,
    "dwFlags": 0,
    "eOverrideFadeSettings": 0,
    "eFadeMethod": 0,
    "nFadeGroup": 0,
    "eNavBehavior": 0,
    "eCullingLevel": 0,
    "szLookOverride": 0,
    "dwShaderMapOverride": 4294967295,
    "ptRunTimeMaterialValues": []
   }
  },
  {
   "__type__": "Marker",
   "__typeHash__": 3132676386,
   "dwHash": 3078557001,
   "nID": 2,
   "eType": 0,
   "transform": {
    "__type__": "PRTransform",
    "__typeHash__": 2588169118,
    "q": {
     "__type__": "bcQuat",
     "__typeHash__": 3955716320,
     "x": 0.04115386679768562,
     "y": 0.008497748523950577,
     "z": -0.11314338445663452,
     "w": 0.9926897287368774
    },
    "wp": {
     "x": 0.058326199650764465,
     "y": -0.5811570286750793,
     "z": 3.017400026321411
    }
   },
   "snoname": {
    "__raw__": 185141,
    "__group__": 1,
    "__type__": "DT_SNO_NAME",
    "__typeHash__": 3339108615,
    "__targetFileName__": "base/meta/Actor/Drown_Rope_10.acr",
    "groupName": "Actor",
    "name": "Drown_Rope_10"
   },
   "dwMarkerFlags": 1410,
   "dwMarkerFlagsEx": 0,
   "vecScale": {
    "x": 0.5876049995422363,
    "y": 0.5876049995422363,
    "z": 0.5876049995422363
   },
   "ptBase": [
    {
     "__type__": "MarkerActorData",
     "__typeHash__": 2780317717,
     "dwType": 2780317717,
     "dwPad": 0,
     "szLookName": 0,
     "dwShaderMapOverride": 4294967295,
     "gbidAddOnType": null,
     "dwMarkerActorFlags": 0,
     "eFadeMethod": 0,
     "nFadeGroup": 0,
     "eNavBehavior": 1,
     "unk_529dc44": 2,
     "eActorType": 5,
     "eGizmoType": -1,
     "unk_940ff8e": 0,
     "ptServerData": [],
     "ptMonsterActorData": [],
     "ptActorGizmoData": [],
     "ptNPCActorData": [],
     "arBakedBoneTransforms": [],
     "eCullingLevelOverride": 0,
     "ptRunTimeMaterialValues": []
    }
   ],
   "ptGroupData": [
    {
     "__type__": "MarkerGroupData",
     "__typeHash__": 3312843337,
     "tLocalTransform": {
      "__type__": "PRTransform",
      "__typeHash__": 2588169118,
      "q": {
       "__type__": "bcQuat",
       "__typeHash__": 3955716320,
       "x": 0.041153863072395325,
       "y": 0.008497747592628002,
       "z": -0.11314336955547333,
       "w": 0.9926896095275879
      },
      "wp": {
       "x": 0.058326199650764465,
       "y": -0.5811570286750793,
       "z": 3.017400026321411
      }
     },
     "vecLocalScale": {
      "x": 0.5876049995422363,
      "y": 0.5876049995422363,
      "z": 0.5876049995422363
     }
    }
   ],
   "ptMarkerLinks": [],
   "unk_c339f69": 3,
   "dwSeed": 0,
   "tPrefabData": {
    "__type__": "PrefabData",
    "__typeHash__": 3988626058,
    "dwFlags": 0,
    "eOverrideFadeSettings": 0,
    "eFadeMethod": 0,
    "nFadeGroup": 0,
    "eNavBehavior": 0,
    "eCullingLevel": 0,
    "szLookOverride": 0,
    "dwShaderMapOverride": 4294967295,
    "ptRunTimeMaterialValues": []
   }
  },
  {
   "__type__": "Marker",
   "__typeHash__": 3132676386,
   "dwHash": 3078557002,
   "nID": 3,
   "eType": 0,
   "transform": {
    "__type__": "PRTransform",
    "__typeHash__": 2588169118,
    "q": {
     "__type__": "bcQuat",
     "__typeHash__": 3955716320,
     "x": 0,
     "y": 0,
     "z": 0.23649859428405762,
     "w": 0.9716318845748901
    },
    "wp": {
     "x": 0.17925900220870972,
     "y": -0.06600479781627655,
     "z": 1.597100019454956
    }
   },
   "snoname": {
    "__raw__": 185141,
    "__group__": 1,
    "__type__": "DT_SNO_NAME",
    "__typeHash__": 3339108615,
    "__targetFileName__": "base/meta/Actor/Drown_Rope_10.acr",
    "groupName": "Actor",
    "name": "Drown_Rope_10"
   },
   "dwMarkerFlags": 1410,
   "dwMarkerFlagsEx": 0,
   "vecScale": {
    "x": 1,
    "y": 1,
    "z": 1
   },
   "ptBase": [
    {
     "__type__": "MarkerActorData",
     "__typeHash__": 2780317717,
     "dwType": 2780317717,
     "dwPad": 0,
     "szLookName": 0,
     "dwShaderMapOverride": 4294967295,
     "gbidAddOnType": null,
     "dwMarkerActorFlags": 0,
     "eFadeMethod": 0,
     "nFadeGroup": 0,
     "eNavBehavior": 1,
     "unk_529dc44": 2,
     "eActorType": 5,
     "eGizmoType": -1,
     "unk_940ff8e": 0,
     "ptServerData": [],
     "ptMonsterActorData": [],
     "ptActorGizmoData": [],
     "ptNPCActorData": [],
     "arBakedBoneTransforms": [],
     "eCullingLevelOverride": 0,
     "ptRunTimeMaterialValues": []
    }
   ],
   "ptGroupData": [
    {
     "__type__": "MarkerGroupData",
     "__typeHash__": 3312843337,
     "tLocalTransform": {
      "__type__": "PRTransform",
      "__typeHash__": 2588169118,
      "q": {
       "__type__": "bcQuat",
       "__typeHash__": 3955716320,
       "x": 0,
       "y": 0,
       "z": 0.23649859428405762,
       "w": 0.9716318845748901
      },
      "wp": {
       "x": 0.17925900220870972,
       "y": -0.06600479781627655,
       "z": 1.597100019454956
      }
     },
     "vecLocalScale": {
      "x": 1,
      "y": 1,
      "z": 1
     }
    }
   ],
   "ptMarkerLinks": [],
   "unk_c339f69": 3,
   "dwSeed": 0,
   "tPrefabData": {
    "__type__": "PrefabData",
    "__typeHash__": 3988626058,
    "dwFlags": 0,
    "eOverrideFadeSettings": 0,
    "eFadeMethod": 0,
    "nFadeGroup": 0,
    "eNavBehavior": 0,
    "eCullingLevel": 0,
    "szLookOverride": 0,
    "dwShaderMapOverride": 4294967295,
    "ptRunTimeMaterialValues": []
   }
  },
  {
   "__type__": "Marker",
   "__typeHash__": 3132676386,
   "dwHash": 463661007,
   "nID": 4,
   "eType": 5,