{
 "__fileName__": "base/meta/MarkerSet/Tega_Giants_Mining_Vat_01_C.mrk",
 "__snoID__": 1846124,
 "__type__": "MarkerSetDefinition",
 "__typeHash__": 4093179991,
 "tMarkerSet": [
  {
   "__type__": "Marker",
   "__typeHash__": 3132676386,
   "dwHash": 463661143,
   "nID": 5,
   "eType": 5,
   "transform": {
    "__type__": "PRTransform",
    "__typeHash__": 2588169118,
    "q": {
     "__type__": "bcQuat",
     "__typeHash__": 3955716320,
     "x": 1.7551030850881943e-8,
     "y": -4.936091979601542e-9,
     "z": 0.707106351852417,
     "w": 0.7071072459220886
    },
    "wp": {
     "x": -0.021019000560045242,
     "y": 0.04091639816761017,
     "z": -0.0041152299381792545
    }
   },
   "snoname": null,
   "dwMarkerFlags": 0,
   "dwMarkerFlagsEx": 0,
   "vecScale": {
    "x": 1,
    "y": 1,
    "z": 1
   },
   "ptBase": [],
   "ptGroupData": [],
   "ptMarkerLinks": [],
   "unk_c339f69": -1,
   "tIGCHideSettings": {
    "__type__": "MarkerIGCHideSettings",
    "__typeHash__": 867785856,
    "nHideGroup": 0,
    "dwFlags": 0
   },
   "dwSeed": 0,
   "tPrefabData": {
    "__type__": "PrefabData",
    "__typeHash__": 3988626058,
    "dwFlags": 8,
    "eOverrideFadeSettings": 0,
    "eFadeMethod": 0,
    "nFadeGroup": 0,
    "tIGCHideSettings": {
     "__type__": "MarkerIGCHideSettings",
     "__typeHash__": 867785856,
     "nHideGroup": 0,
     "dwFlags": 0
    },
    "eNavBehavior": 3,
    "eCullingLevel": 0,
    "szLookOverride": 0,
    "dwShaderMapOverride": 4294967295,
    "ptRunTimeMaterialValues": []
   }
  },
  {
   "__type__": "Marker",
   "__typeHash__": 3132676386,
   "dwHash": 2255719477,
   "nID": 2,
   "eType": 0,
   "transform": {
    "__type__": "PRTransform",
    "__typeHash__": 2588169118,
    "q": {
     "__type__": "bcQuat",
     "__typeHash__": 3955716320,
     "x": -3.0762637948100746e-7,
     "y": 3.9995509837353893e-7,
     "z": 0.08715558052062988,
     "w": 0.9961947202682495
    },
    "wp": {
     "x": -0.01001742109656334,
     "y": -0.02124781534075737,
     "z": 0.6796510815620422
    }
   },
   "snoname": {
    "__raw__": 1791040,
    "__group__": 57,
    "__type__": "DT_SNO_NAME",
    "__typeHash__": 3339108615,
    "__targetFileName__": "base/meta/Material/Tega_Decal_Giants_Ichor_Water_01.mat",
    "groupName": "Material",
    "name": "Tega_Decal_Giants_Ichor_Water_01"
   },
   "dwMarkerFlags": 1024,
   "dwMarkerFlagsEx": 0,
   "vecScale": {
    "x": 1.1134099960327148,
    "y": 1.1134099960327148,
    "z": 0.8306940197944641
   },
   "ptBase": [
    {
     "__type__": "MarkerDecalData",
     "__typeHash__": 2650697781,
     "dwType": 2650697781,
     "dwPad": 0,
     "dwMarkerDecalFlags": 0,
     "flAngleThreshold": 3.1415927410125732,
     "nSortPriOffset": 0,
     "bDieOverride": false,
     "ptRunTimeMaterialValues": []
    }
   ],
   "ptGroupData": [
    {
     "__type__": "MarkerGroupData",
     "__typeHash__": 3312843337,
     "tLocalTransform": {
      "__type__": "PRTransform",
      "__typeHash__": 2588169118,
      "q": {
       "__type__": "bcQuat",
       "__typeHash__": 3955716320,
       "x": -1.7053025658242404e-13,
       "y": 8.526512829121202e-14,
       "z": -0.6427863240242004,
       "w": 0.7660455107688904
      },
      "wp": {
       "x": -0.06156989932060242,
       "y": 0.03343240171670914,
       "z": 0.8164860010147095
      }
     },
     "vecLocalScale": {
      "x": 1.1134099960327148,
      "y": 1.1134099960327148,
      "z": 0.8306940197944641
     }
    }
   ],
   "ptMarkerLinks": [],
   "unk_c339f69": 2,
   "tIGCHideSettings": {
    "__type__": "MarkerIGCHideSettings",
    "__typeHash__": 867785856,
    "nHideGroup": 0,
    "dwFlags": 0
   },
   "dwSeed": 0,
   "tPrefabData": {
    "__type__": "PrefabData",
    "__typeHash__": 3988626058,
    "dwFlags": 0,
    "eOverrideFadeSettings": 0,
    "eFadeMethod": 0,
    "nFadeGroup": 0,
    "tIGCHideSettings": {
     "__type__": "MarkerIGCHideSettings",
     "__typeHash__": 867785856,
     "nHideGroup": 0,
     "dwFlags": 0
    },
    "eNavBehavior": 0,
    "eCullingLevel": 0,
    "szLookOverride": 0,
    "dwShaderMapOverride": 4294967295,
    "ptRunTimeMaterialValues": []
   }
  },
  {
   "__type__": "Marker",
   "__typeHash__": 3132676386,
   "dwHash": 463661142,
   "nID": 4,
   "eType": 5,
   "transform": {
    "__type__": "PRTransform",
    "__typeHash__": 2588169118,
    "q": {
     "__type__": "bcQuat",
     "__typeHash__": 3955716320,
     "x": 2.1430025753943482e-8,
     "y": 5.041217718826374e-7,
     "z": 0.7071054577827454,
     "w": 0.7071080803871155
    },
    "wp": {
     "x": 0.023414600640535355,
     "y": 0.04032139852643013,
     "z": -0.1368349939584732
    }
   },
   "snoname": null,
   "dwMarkerFlags": 0,
   "dwMarkerFlagsEx": 0,
   "vecScale": {
    "x": 1,
    "y": 1,
    "z": 1
   },
   "ptBase": [],
   "ptGroupData": [],
   "ptMarkerLinks": [],
   "unk_c339f69": -1,
   "tIGCHideSettings": {
    "__type__": "MarkerIGCHideSettings",
    "__typeHash__": 867785856,
    "nHideGroup": 0,
    "dwFlags": 0
   },
   "dwSeed": 0,
   "tPrefabData": {
    "__type__": "PrefabData",
    "__typeHash__": 3988626058,
    "dwFlags": 8,
    "eOverrideFadeSettings": 0,
    "eFadeMethod": 0,
    "nFadeGroup": 0,
    "tIGCHideSettings": {
     "__type__": "MarkerIGCHideSettings",
     "__typeHash__": 867785856,
     "nHideGroup": 0,
     "dwFlags": 0
    },
    "eNavBehavior": 3,
    "eCullingLevel": 0,
    "szLookOverride": 0,
    "dwShaderMapOverride": 4294967295,
    "ptRunTimeMaterialValues": []
   }
  }
 ],
 "dwMarkerSetFlags": 66057,
 "nLabel": null,
 "snoCampaignEnableCondition": null,
 "arPrefabDataInfo": [
  {
   "__type__": "PrefabDataInfo",
   "__typeHash__": 1894103222,
   "dwMarkerPathID": 3132668352,
   "tPrefabData": {
    "__type__": "PrefabData",
    "__typeHash__": 3988626058,
    "dwFlags": 8,
    "eOverrideFadeSettings": 0,
    "eFadeMethod": 0,
    "nFadeGroup": 0,
    "tIGCHideSettings": {
     "__type__": "MarkerIGCHideSettings",
     "__typeHash__": 867785856,
     "nHideGroup": 0,
     "dwFlags": 0
    },
    "eNavBehavior": 3,
    "eCullingLevel": 0,
    "szLookOverride": 0,
    "dwShaderMapOverride": 4294967295,
    "ptRunTimeMaterialValues": []
   }
  },
  {
   "__type__": "PrefabDataInfo",
   "__typeHash__": 1894103222,
   "dwMarkerPathID": 182778065,
   "tPrefabData": {
    "__type__": "PrefabData",
    "__typeHash__": 3988626058,
    "dwFlags": 8,
    "eOverrideFadeSettings": 0,
    "eFadeMethod": 0,
    "nFadeGroup": 0,
    "tIGCHideSettings": {
     "__type__": "MarkerIGCHideSettings",
     "__typeHash__": 867785856,
     "nHideGroup": 0,
     "dwFlags": 0
    },
    "eNavBehavior": 3,
    "eCullingLevel": 0,
    "szLookOverride": 0,
    "dwShaderMapOverride": 4294967295,
    "ptRunTimeMaterialValues": []
   }
  }
 ],
 "ptPrefabDataMap": "0",
 "ptChunks": [],
 "ptMergedMsgTriggeredEvents": [],
 "unk_2bbd1d": {
  "__type__": "Type_c8d78ce7",
  "__typeHash__": 3369569511,
  "nWidth": 0,
  "nHeight": 0,
  "nDepth": 0,
  "dwPitch": 0,
  "dwSlicePitch": 0,
  "flGridSize": 0,
  "wpOrigin": {
   "x": 0,
   "y": 0,
   "z": 0
  },
  "unk_4b236f4": "0",
  "unk_aa0958e": {
   "__type__": "DT_VARIABLEARRAY",
   "__typeHash__": 3244749660,
   "__flags__": 2097153,
   "__external__": true,
   "value": {
    "__typeHash__": 1028759507,
    "__type__": "DT_WORD",
    "dataOffset": 0,
    "dataSize": 0
   }
  },
  "unk_aa09583": {
   "__type__": "DT_VARIABLEARRAY",
   "__typeHash__": 3244749660,
   "__flags__": 2097153,
   "__external__": true,
   "value": {
    "__typeHash__": 1028759507,
    "__type__": "DT_WORD",
    "dataOffset": 0,
    "dataSize": 0
   }
  },
  "unk_aa0957e": {
   "__type__": "DT_VARIABLEARRAY",
   "__typeHash__": 3244749660,
   "__flags__": 2097153,
   "__external__": true,
   "value": {
    "__typeHash__": 1028759507,
    "__type__": "DT_WORD",
    "dataOffset": 0,
    "dataSize": 0
   }
  },
  "unk_dd3cf4b": {
   "__type__": "DT_VARIABLEARRAY",
   "__typeHash__": 3244749660,