{
 "__fileName__": "base/meta/MarkerSet/Tega_AbandonedHut_05.mrk",
 "__snoID__": 1920119,
 "__type__": "MarkerSetDefinition",
 "__typeHash__": 4093179991,
 "tMarkerSet": [
  {
   "__type__": "Marker",
   "__typeHash__": 3132676386,
   "dwHash": 4261632207,
   "nID": 68,
   "eType": 0,
   "transform": {
    "__type__": "PRTransform",
    "__typeHash__": 2588169118,
    "q": {
     "__type__": "bcQuat",
     "__typeHash__": 3955716320,
     "x": 0,
     "y": -1.30385160446167e-8,
     "z": 0.8643895983695984,
     "w": 0.5028228163719177
    },
    "wp": {
     "x": 0.601544976234436,
     "y": -1.572759985923767,
     "z": -0.006506170146167278
    }
   },
   "snoname": {
    "__raw__": 1631609,
    "__group__": 24,
    "__type__": "DT_SNO_NAME",
    "__typeHash__": 3339108615,
    "__targetFileName__": "base/meta/MarkerSet/Tora_Deep_Jungle_Debris_01.mrk",
    "groupName": "MarkerSet",
    "name": "Tora_Deep_Jungle_Debris_01"
   },
   "dwMarkerFlags": 0,
   "dwMarkerFlagsEx": 0,
   "vecScale": {
    "x": 0.6025670170783997,
    "y": 0.6025670170783997,
    "z": 0.6025670170783997
   },
   "ptBase": [
    {
     "__type__": "MarkerPrefabData",
     "__typeHash__": 3127494188,
     "dwType": 3127494188,
     "dwPad": 0,
     "arPrefabCustomizations": []
    }
   ],
   "ptGroupData": [],
   "ptMarkerLinks": [],
   "unk_c339f69": -1,
   "tIGCHideSettings": {
    "__type__": "MarkerIGCHideSettings",
    "__typeHash__": 867785856,
    "nHideGroup": 0,
    "dwFlags": 0
   },
   "dwSeed": 0,
   "tPrefabData": {
    "__type__": "PrefabData",
    "__typeHash__": 3988626058,
    "dwFlags": 16,
    "eOverrideFadeSettings": 0,
    "eFadeMethod": 0,
    "nFadeGroup": 0,
    "tIGCHideSettings": {
     "__type__": "MarkerIGCHideSettings",
     "__typeHash__": 867785856,
     "nHideGroup": 0,
     "dwFlags": 0
    },
    "eNavBehavior": 3,
    "eCullingLevel": 0,
    "szLookOverride": 0,
    "dwShaderMapOverride": 4294967295,
    "ptRunTimeMaterialValues": []
   }
  },
  {
   "__type__": "Marker",
   "__typeHash__": 3132676386,
   "dwHash": 4262818128,
   "nID": 69,
   "eType": 0,
   "transform": {
    "__type__": "PRTransform",
    "__typeHash__": 2588169118,
    "q": {
     "__type__": "bcQuat",
     "__typeHash__": 3955716320,
     "x": 0.05949496850371361,
     "y": 0.1613372266292572,
     "z": 0.9820573925971985,
     "w": 0.07742041349411011
    },
    "wp": {
     "x": 0.4579299986362457,
     "y": 1.6720199584960938,
     "z": 0.06801149994134903
    }
   },
   "snoname": {
    "__raw__": 1631610,
    "__group__": 24,
    "__type__": "DT_SNO_NAME",
    "__typeHash__": 3339108615,
    "__targetFileName__": "base/meta/MarkerSet/Tora_Deep_Jungle_Debris_02.mrk",
    "groupName": "MarkerSet",
    "name": "Tora_Deep_Jungle_Debris_02"
   },
   "dwMarkerFlags": 0,
   "dwMarkerFlagsEx": 0,
   "vecScale": {
    "x": 0.6945589780807495,
    "y": 0.6945589780807495,
    "z": 0.6945589780807495
   },
   "ptBase": [
    {
     "__type__": "MarkerPrefabData",
     "__typeHash__": 3127494188,
     "dwType": 3127494188,
     "dwPad": 0,
     "arPrefabCustomizations": []
    }
   ],
   "ptGroupData": [],
   "ptMarkerLinks": [],
   "unk_c339f69": -1,
   "tIGCHideSettings": {
    "__type__": "MarkerIGCHideSettings",
    "__typeHash__": 867785856,
    "nHideGroup": 0,
    "dwFlags": 0
   },
   "dwSeed": 0,
   "tPrefabData": {
    "__type__": "PrefabData",
    "__typeHash__": 3988626058,
    "dwFlags": 16,
    "eOverrideFadeSettings": 0,
    "eFadeMethod": 0,
    "nFadeGroup": 0,
    "tIGCHideSettings": {
     "__type__": "MarkerIGCHideSettings",
     "__typeHash__": 867785856,
     "nHideGroup": 0,
     "dwFlags": 0
    },
    "eNavBehavior": 3,
    "eCullingLevel": 0,
    "szLookOverride": 0,
    "dwShaderMapOverride": 4294967295,
    "ptRunTimeMaterialValues": []
   }
  },
  {
   "__type__": "Marker",
   "__typeHash__": 3132676386,
   "dwHash": 596951797,
   "nID": 70,
   "eType": 0,
   "transform": {
    "__type__": "PRTransform",
    "__typeHash__": 2588169118,
    "q": {
     "__type__": "bcQuat",
     "__typeHash__": 3955716320,
     "x": 0.10639466345310211,
     "y": 0.06253732740879059,
     "z": 0.9047144055366516,
     "w": 0.40775129199028015
    },
    "wp": {
     "x": 0.9454389810562134,
     "y": 0.8702470064163208,
     "z": 0.09521710127592087
    }
   },
   "snoname": {
    "__raw__": 1633723,
    "__group__": 24,
    "__type__": "DT_SNO_NAME",
    "__typeHash__": 3339108615,
    "__targetFileName__": "base/meta/MarkerSet/Tora_Deep_Jungle_Debris_02_Mud.mrk",
    "groupName": "MarkerSet",
    "name": "Tora_Deep_Jungle_Debris_02_Mud"
   },
   "dwMarkerFlags": 0,
   "dwMarkerFlagsEx": 0,
   "vecScale": {
    "x": 0.6945589780807495,
    "y": 0.6945589780807495,
    "z": 0.6945589780807495
   },
   "ptBase": [
    {
     "__type__": "MarkerPrefabData",
     "__typeHash__": 3127494188,
     "dwType": 3127494188,
     "dwPad": 0,
     "arPrefabCustomizations": []
    }
   ],
   "ptGroupData": [],
   "ptMarkerLinks": [],
   "unk_c339f69": -1,
   "tIGCHideSettings": {
    "__type__": "MarkerIGCHideSettings",
    "__typeHash__": 867785856,
    "nHideGroup": 0,
    "dwFlags": 0
   },
   "dwSeed": 0,
   "tPrefabData": {
    "__type__": "PrefabData",
    "__typeHash__": 3988626058,
    "dwFlags": 16,
    "eOverrideFadeSettings": 0,
    "eFadeMethod": 0,
    "nFadeGroup": 0,
    "tIGCHideSettings": {
     "__type__": "MarkerIGCHideSettings",
     "__typeHash__": 867785856,
     "nHideGroup": 0,
     "dwFlags": 0
    },
    "eNavBehavior": 3,
    "eCullingLevel": 0,
    "szLookOverride": 0,
    "dwShaderMapOverride": 4294967295,
    "ptRunTimeMaterialValues": []
   }
  },
  {
   "__type__": "Marker",
   "__typeHash__": 3132676386,
   "dwHash": 2937606644,
   "nID": 71,
   "eType": 0,
   "transform": {
    "__type__": "PRTransform",
    "__typeHash__": 2588169118,
    "q": {
     "__type__": "bcQuat",
     "__typeHash__": 3955716320,
     "x": 7.450580596923828e-9,
     "y": 1.6763806343078613e-8,
     "z": 0.7845746874809265,
     "w": -0.6200344562530518
    },
    "wp": {
     "x": -0.04780859872698784,
     "y": -1.443120002746582,
     "z": 0.000003628430022217799
    }
   },
   "snoname": {
    "__raw__": 1633725,
    "__group__": 24,
    "__type__": "DT_SNO_NAME",
    "__typeHash__": 3339108615,
    "__targetFileName__": "base/meta/MarkerSet/Tora_Deep_Jungle_Debris_01_Mud.mrk",
    "groupName": "MarkerSet",
    "name": "Tora_Deep_Jungle_Debris_01_Mud"
   },
   "dwMarkerFlags": 0,
   "dwMarkerFlagsEx": 0,
   "vecScale": {
    "x": 0.786080002784729,
    "y": 0.786080002784729,
    "z": 0.786080002784729
   },
   "ptBase": [
    {
     "__type__": "MarkerPrefabData",
     "__typeHash__": 3127494188,
     "dwType": 3127494188,
     "dwPad": 0,
     "arPrefabCustomizations": []
    }
   ],
   "ptGroupData": [],
   "ptMarkerLinks": [],
   "unk_c339f69": -1,
   "tIGCHideSettings": {
    "__type__": "MarkerIGCHideSettings",
    "__typeHash__": 867785856,
    "nHideGroup": 0,
    "dwFlags": 0
   },
   "dwSeed": 0,
   "tPrefabData": {
    "__type__": "PrefabData",
    "__typeHash__": 3988626058,
    "dwFlags": 16,
    "eOverrideFadeSettings": 0,
    "eFadeMethod": 0,
    "nFadeGroup": 0,
    "tIGCHideSettings": {
     "__type__": "MarkerIGCHideSettings",
     "__typeHash__": 867785856,
     "nHideGroup": 0,
     "dwFlags": 0
    },
    "eNavBehavior": 3,
    "eCullingLevel": 0,
    "szLookOverride": 0,
    "dwShaderMapOverride": 4294967295,
    "ptRunTimeMaterialValues": []
   }
  },
  {
   "__type__": "Marker",
   "__typeHash__": 3132676386,
   "dwHash": 4262818129,
   "nID": 72,
   "eType": 0,
   "transform": {
    "__type__": "PRTransform",
    "__typeHash__": 2588169118,
    "q": {
     "__type__": "bcQuat",
     "__typeHash__": 3955716320,
     "x": 1.4901161193847656e-8,
     "y": 6.51925802230835e-9,
     "z": 0.9270853400230408,
     "w": -0.37485045194625854
    },
    "wp": {
     "x": -1.1797800064086914,
     "y": 1.1197999715805054,