{
 "__fileName__": "base/meta/MarkerSet/Theme_Venom_Foliage_Plant_CorpseFlower_A_02.mrk",
 "__snoID__": 2060980,
 "__type__": "MarkerSetDefinition",
 "__typeHash__": 4093179991,
 "tMarkerSet": [
  {
   "__type__": "Marker",
   "__typeHash__": 3132676386,
   "dwHash": 463661014,
   "nID": 33,
   "eType": 5,
   "transform": {
    "__type__": "PRTransform",
    "__typeHash__": 2588169118,
    "q": {
     "__type__": "bcQuat",
     "__typeHash__": 3955716320,
     "x": 0.15159329771995544,
     "y": 0.328080415725708,
     "z": -0.646453320980072,
     "w": -0.6719232201576233
    },
    "wp": {
     "x": -0.22875000536441803,
     "y": 0.17350299656391144,
     "z": -0.37998300790786743
    }
   },
   "snoname": null,
   "dwMarkerFlags": 0,
   "dwMarkerFlagsEx": 0,
   "vecScale": {
    "x": 0.4100460112094879,
    "y": 0.4100460112094879,
    "z": 0.4100460112094879
   },
   "ptBase": [],
   "ptGroupData": [],
   "ptMarkerLinks": [],
   "unk_c339f69": -1,
   "tIGCHideSettings": {
    "__type__": "MarkerIGCHideSettings",
    "__typeHash__": 867785856,
    "nHideGroup": 0,
    "dwFlags": 0
   },
   "dwSeed": 0,
   "tPrefabData": {
    "__type__": "PrefabData",
    "__typeHash__": 3988626058,
    "dwFlags": 24,
    "eOverrideFadeSettings": 0,
    "eFadeMethod": 0,
    "nFadeGroup": 0,
    "tIGCHideSettings": {
     "__type__": "MarkerIGCHideSettings",
     "__typeHash__": 867785856,
     "nHideGroup": 0,
     "dwFlags": 0
    },
    "eNavBehavior": 3,
    "eCullingLevel": 0,
    "szLookOverride": 0,
    "dwShaderMapOverride": 4294967295,
    "ptRunTimeMaterialValues": []
   }
  },
  {
   "__type__": "Marker",
   "__typeHash__": 3132676386,
   "dwHash": 463661013,
   "nID": 37,
   "eType": 5,
   "transform": {
    "__type__": "PRTransform",
    "__typeHash__": 2588169118,
    "q": {
     "__type__": "bcQuat",
     "__typeHash__": 3955716320,
     "x": 0.32420846819877625,
     "y": 0.159706249833107,
     "z": -0.9251934885978699,
     "w": -0.11575785279273987
    },
    "wp": {
     "x": -0.7586879730224609,
     "y": -0.04010210186243057,
     "z": 0.06445430219173431
    }
   },
   "snoname": null,
   "dwMarkerFlags": 0,
   "dwMarkerFlagsEx": 0,
   "vecScale": {
    "x": 0.4550909996032715,
    "y": 0.4550909996032715,
    "z": 0.4550909996032715
   },
   "ptBase": [],
   "ptGroupData": [],
   "ptMarkerLinks": [],
   "unk_c339f69": -1,
   "tIGCHideSettings": {
    "__type__": "MarkerIGCHideSettings",
    "__typeHash__": 867785856,
    "nHideGroup": 0,
    "dwFlags": 0
   },
   "dwSeed": 0,
   "tPrefabData": {
    "__type__": "PrefabData",
    "__typeHash__": 3988626058,
    "dwFlags": 24,
    "eOverrideFadeSettings": 0,
    "eFadeMethod": 0,
    "nFadeGroup": 0,
    "tIGCHideSettings": {
     "__type__": "MarkerIGCHideSettings",
     "__typeHash__": 867785856,
     "nHideGroup": 0,
     "dwFlags": 0
    },
    "eNavBehavior": 3,
    "eCullingLevel": 0,
    "szLookOverride": 0,
    "dwShaderMapOverride": 4294967295,
    "ptRunTimeMaterialValues": []
   }
  },
  {
   "__type__": "Marker",
   "__typeHash__": 3132676386,
   "dwHash": 463661012,
   "nID": 45,
   "eType": 5,
   "transform": {
    "__type__": "PRTransform",
    "__typeHash__": 2588169118,
    "q": {
     "__type__": "bcQuat",
     "__typeHash__": 3955716320,
     "x": 0.34878429770469666,
     "y": 0.2018706202507019,
     "z": -0.907871425151825,
     "w": -0.11561733484268188
    },
    "wp": {
     "x": -0.5400030016899109,
     "y": 0.09231120347976685,
     "z": -0.16303199529647827
    }
   },
   "snoname": null,
   "dwMarkerFlags": 0,
   "dwMarkerFlagsEx": 0,
   "vecScale": {
    "x": 0.45853298902511597,
    "y": 0.45853298902511597,
    "z": 0.45853298902511597
   },
   "ptBase": [],
   "ptGroupData": [],
   "ptMarkerLinks": [],
   "unk_c339f69": -1,
   "tIGCHideSettings": {
    "__type__": "MarkerIGCHideSettings",
    "__typeHash__": 867785856,
    "nHideGroup": 0,
    "dwFlags": 0
   },
   "dwSeed": 0,
   "tPrefabData": {
    "__type__": "PrefabData",
    "__typeHash__": 3988626058,
    "dwFlags": 24,
    "eOverrideFadeSettings": 0,
    "eFadeMethod": 0,
    "nFadeGroup": 0,
    "tIGCHideSettings": {
     "__type__": "MarkerIGCHideSettings",
     "__typeHash__": 867785856,
     "nHideGroup": 0,
     "dwFlags": 0
    },
    "eNavBehavior": 3,
    "eCullingLevel": 0,
    "szLookOverride": 0,
    "dwShaderMapOverride": 4294967295,
    "ptRunTimeMaterialValues": []
   }
  },
  {
   "__type__": "Marker",
   "__typeHash__": 3132676386,
   "dwHash": 792303696,
   "nID": 50,
   "eType": 0,
   "transform": {
    "__type__": "PRTransform",
    "__typeHash__": 2588169118,
    "q": {
     "__type__": "bcQuat",
     "__typeHash__": 3955716320,
     "x": -0.6865805387496948,
     "y": 0.03453146666288376,
     "z": 0.7259907126426697,
     "w": -0.018768474459648132
    },
    "wp": {
     "x": -1.1952500343322754,
     "y": -0.1450520008802414,
     "z": 0.19247600436210632
    }
   },
   "snoname": {
    "__raw__": 1684616,
    "__group__": 57,
    "__type__": "DT_SNO_NAME",
    "__typeHash__": 3339108615,
    "__targetFileName__": "base/meta/Material/Tora_Skittering_Bile_Decal_01.mat",
    "groupName": "Material",
    "name": "Tora_Skittering_Bile_Decal_01"
   },
   "dwMarkerFlags": 1024,
   "dwMarkerFlagsEx": 0,
   "vecScale": {
    "x": 0.5060960054397583,
    "y": 0.5060960054397583,
    "z": 0.5060960054397583
   },
   "ptBase": [
    {
     "__type__": "MarkerDecalData",
     "__typeHash__": 2650697781,
     "dwType": 2650697781,
     "dwPad": 0,
     "dwMarkerDecalFlags": 0,
     "flAngleThreshold": 3.1415927410125732,
     "nSortPriOffset": 2,
     "bDieOverride": false,
     "ptRunTimeMaterialValues": []
    }
   ],
   "ptGroupData": [],
   "ptMarkerLinks": [],
   "unk_c339f69": -1,
   "tIGCHideSettings": {
    "__type__": "MarkerIGCHideSettings",
    "__typeHash__": 867785856,
    "nHideGroup": 0,
    "dwFlags": 0
   },
   "dwSeed": 0,
   "tPrefabData": {
    "__type__": "PrefabData",
    "__typeHash__": 3988626058,
    "dwFlags": 0,
    "eOverrideFadeSettings": 0,
    "eFadeMethod": 0,
    "nFadeGroup": 0,
    "tIGCHideSettings": {
     "__type__": "MarkerIGCHideSettings",
     "__typeHash__": 867785856,
     "nHideGroup": 0,
     "dwFlags": 0
    },
    "eNavBehavior": 0,
    "eCullingLevel": 0,
    "szLookOverride": 0,
    "dwShaderMapOverride": 4294967295,
    "ptRunTimeMaterialValues": []
   }
  },
  {
   "__type__": "Marker",
   "__typeHash__": 3132676386,
   "dwHash": 792303669,
   "nID": 51,
   "eType": 0,
   "transform": {
    "__type__": "PRTransform",
    "__typeHash__": 2588169118,
    "q": {
     "__type__": "bcQuat",
     "__typeHash__": 3955716320,
     "x": -0.04931378364562988,
     "y": 0.4845871031284332,
     "z": 0.8447957634925842,
     "w": -0.22150292992591858
    },
    "wp": {
     "x": -1.009179949760437,
     "y": -0.11757399886846542,
     "z": 0.8114809989929199
    }
   },
   "snoname": {
    "__raw__": 1684616,
    "__group__": 57,
    "__type__": "DT_SNO_NAME",
    "__typeHash__": 3339108615,
    "__targetFileName__": "base/meta/Material/Tora_Skittering_Bile_Decal_01.mat",
    "groupName": "Material",
    "name": "Tora_Skittering_Bile_Decal_01"
   },
   "dwMarkerFlags": 1024,
   "dwMarkerFlagsEx": 0,
   "vecScale": {
    "x": 0.4223580062389374,
    "y": 0.4223580062389374,
    "z": 0.4223580062389374
   },
   "ptBase": [
    {
     "__type__": "MarkerDecalData",
     "__typeHash__": 2650697781,
     "dwType": 2650697781,
     "dwPad": 0,
     "dwMarkerDecalFlags": 0,
     "flAngleThreshold": 3.1415927410125732,
     "nSortPriOffset": 1,
     "bDieOverride": false,
     "ptRunTimeMaterialValues": []
    }
   ],
   "ptGroupData": [],
   "ptMarkerLinks": [],
   "unk_c339f69": -1,
   "tIGCHideSettings": {
    "__type__": "MarkerIGCHideSettings",
    "__typeHash__": 867785856,
    "nHideGroup": 0,
    "dwFlags": 0
   },
   "dwSeed": 0,
   "tPrefabData": {
    "__type__": "PrefabData",
    "__typeHash__": 3988626058,
    "dwFlags": 0,