{
 "__fileName__": "base/meta/Texture/2DInventory_Bundle_MountAmor_stor205.tex",
 "__snoID__": 1979542,
 "__type__": "TextureDefinition",
 "__typeHash__": 3631735738,
 "eTexFormat": 49,
 "dwVolumeXSlices": 1,
 "dwVolumeYSlices": 1,
 "dwWidth": 128,
 "dwHeight": 192,
 "dwDepth": 1,
 "dwFaceCount": 1,
 "dwMipMapLevelMin": 0,
 "dwMipMapLevelMax": 0,
 "dwImportFlags": 2576,
 "eTextureResourceType": 0,
 "rgbavalAvgColor": {
  "r": 0.1035555899143219,
  "g": 0.09570924937725067,
  "b": 0.07980311661958694,
  "a": 1.5817694664001465
 },
 "pHotspot": {
  "x": 0,
  "y": 0
 },
 "serTex": [
  {
   "__type__": "SerializeData",
   "__typeHash__": 2632036962,
   "dwOffset": 0,
   "dwSizeAndFlags": 24576
  }
 ],
 "ptFrame": [
  {
   "__type__": "TexFrame",
   "__typeHash__": 24231676,
   "hImageHandle": 2121313851,
   "flU0": 0.0078125,
   "flV0": 0.0052083334885537624,
   "flU1": 0.9453125,
   "flV1": 0.9427083730697632,
   "flTrimU0": 0.0703125,
   "flTrimV0": 0.0052083334885537624,
   "flTrimU1": 0.90625,
   "flTrimV1": 0.9427083730697632
  }
 ],
 "ptGCoeffs": [],
 "ptPostprocessed": "0"
}
