{
 "__fileName__": "base/meta/Texture/2DInventory_Bundle_HMount_stor049.tex",
 "__snoID__": 1814383,
 "__type__": "TextureDefinition",
 "__typeHash__": 3631735738,
 "eTexFormat": 49,
 "dwVolumeXSlices": 1,
 "dwVolumeYSlices": 1,
 "dwWidth": 368,
 "dwHeight": 184,
 "dwDepth": 1,
 "dwFaceCount": 1,
 "dwMipMapLevelMin": 0,
 "dwMipMapLevelMax": 0,
 "dwImportFlags": 2576,
 "eTextureResourceType": 0,
 "rgbavalAvgColor": {
  "r": 0.012127297930419445,
  "g": 0.010749796405434608,
  "b": 0.020276959985494614,
  "a": 1.2677512168884277
 },
 "pHotspot": {
  "x": 0,
  "y": 0
 },
 "serTex": [
  {
   "__type__": "SerializeData",
   "__typeHash__": 2632036962,
   "dwOffset": 0,
   "dwSizeAndFlags": 70656
  }
 ],
 "ptFrame": [
  {
   "__type__": "TexFrame",
   "__typeHash__": 24231676,
   "hImageHandle": 1574991444,
   "flU0": 0.66576087474823,
   "flV0": 0.005434782709926367,
   "flU1": 0.9918478727340698,
   "flV1": 0.9836956858634949,
   "flTrimU0": 0.7364130616188049,
   "flTrimV0": 0.1304347813129425,
   "flTrimU1": 0.945652186870575,
   "flTrimV1": 0.842391312122345
  },
  {
   "__type__": "TexFrame",
   "__typeHash__": 24231676,
   "hImageHandle": 1243761461,
   "flU0": 0.0027173913549631834,
   "flV0": 0.005434782709926367,
   "flU1": 0.3288043439388275,
   "flV1": 0.9836956858634949,
   "flTrimU0": 0.0733695700764656,
   "flTrimV0": 0.1195652186870575,
   "flTrimU1": 0.24184782803058624,
   "flTrimV1": 0.8478261232376099
  },
  {
   "__type__": "TexFrame",
   "__typeHash__": 24231676,
   "hImageHandle": 306985811,
   "flU0": 0.33423912525177,
   "flV0": 0.005434782709926367,
   "flU1": 0.6603261232376099,
   "flV1": 0.9836956858634949,
   "flTrimU0": 0.3913043439388275,
   "flTrimV0": 0.19565217196941376,
   "flTrimU1": 0.6603261232376099,
   "flTrimV1": 0.91847825050354
  }
 ],
 "ptGCoeffs": [],
 "ptPostprocessed": "0"
}
