{
 "__fileName__": "base/meta/Texture/2DInventory_Bundle_MountAmor_stor200.tex",
 "__snoID__": 1828360,
 "__type__": "TextureDefinition",
 "__typeHash__": 3631735738,
 "eTexFormat": 49,
 "dwVolumeXSlices": 1,
 "dwVolumeYSlices": 1,
 "dwWidth": 368,
 "dwHeight": 184,
 "dwDepth": 1,
 "dwFaceCount": 1,
 "dwMipMapLevelMin": 0,
 "dwMipMapLevelMax": 0,
 "dwImportFlags": 2576,
 "eTextureResourceType": 0,
 "rgbavalAvgColor": {
  "r": 0.02963428571820259,
  "g": 0.023119188845157623,
  "b": 0.01864263042807579,
  "a": 1.319873332977295
 },
 "pHotspot": {
  "x": 0,
  "y": 0
 },
 "serTex": [
  {
   "__type__": "SerializeData",
   "__typeHash__": 2632036962,
   "dwOffset": 0,
   "dwSizeAndFlags": 70656
  }
 ],
 "ptFrame": [
  {
   "__type__": "TexFrame",
   "__typeHash__": 24231676,
   "hImageHandle": 3584416308,
   "flU0": 0.66576087474823,
   "flV0": 0.005434782709926367,
   "flU1": 0.9918478727340698,
   "flV1": 0.9836956858634949,
   "flTrimU0": 0.7255434989929199,
   "flTrimV0": 0.1467391401529312,
   "flTrimU1": 0.989130437374115,
   "flTrimV1": 0.7880434989929199
  },
  {
   "__type__": "TexFrame",
   "__typeHash__": 24231676,
   "hImageHandle": 3915646291,
   "flU0": 0.0027173913549631834,
   "flV0": 0.005434782709926367,
   "flU1": 0.3288043439388275,
   "flV1": 0.9836956858634949,
   "flTrimU0": 0.10597826540470123,
   "flTrimV0": 0.05978260934352875,
   "flTrimU1": 0.2445652186870575,
   "flTrimV1": 0.842391312122345
  },
  {
   "__type__": "TexFrame",
   "__typeHash__": 24231676,
   "hImageHandle": 2310003542,
   "flU0": 0.33423912525177,
   "flV0": 0.005434782709926367,
   "flU1": 0.6603261232376099,
   "flV1": 0.9836956858634949,
   "flTrimU0": 0.33423912525177,
   "flTrimV0": 0.005434782709926367,
   "flTrimU1": 0.654891312122345,
   "flTrimV1": 0.9836956858634949
  }
 ],
 "ptGCoeffs": [],
 "ptPostprocessed": "0"
}
