{
 "__fileName__": "base/meta/Texture/2DInventory_Bundle_Promo_Trolli_001.tex",
 "__snoID__": 2063137,
 "__type__": "TextureDefinition",
 "__typeHash__": 3631735738,
 "eTexFormat": 49,
 "dwVolumeXSlices": 1,
 "dwVolumeYSlices": 1,
 "dwWidth": 384,
 "dwHeight": 192,
 "dwDepth": 1,
 "dwFaceCount": 1,
 "dwMipMapLevelMin": 0,
 "dwMipMapLevelMax": 0,
 "dwImportFlags": 2576,
 "eTextureResourceType": 0,
 "rgbavalAvgColor": {
  "r": 0.011346759274601936,
  "g": 0.009698153473436832,
  "b": 0.016411172226071358,
  "a": 1.1212964057922363
 },
 "pHotspot": {
  "x": 0,
  "y": 0
 },
 "serTex": [
  {
   "__type__": "SerializeData",
   "__typeHash__": 2632036962,
   "dwOffset": 0,
   "dwSizeAndFlags": 73728
  }
 ],
 "ptFrame": [
  {
   "__type__": "TexFrame",
   "__typeHash__": 24231676,
   "hImageHandle": 1634458158,
   "flU0": 0.6380208730697632,
   "flV0": 0.0052083334885537624,
   "flU1": 0.9505208730697632,
   "flV1": 0.9427083730697632,
   "flTrimU0": 0.6953125,
   "flTrimV0": 0.1041666716337204,
   "flTrimU1": 0.8854166865348816,
   "flTrimV1": 0.84375
  },
  {
   "__type__": "TexFrame",
   "__typeHash__": 24231676,
   "hImageHandle": 3269931010,
   "flU0": 0.0026041667442768812,
   "flV0": 0.0052083334885537624,
   "flU1": 0.3151041865348816,
   "flV1": 0.9427083730697632,
   "flTrimU0": 0.0572916679084301,
   "flTrimV0": 0.171875,
   "flTrimU1": 0.28125,
   "flTrimV1": 0.9427083730697632
  },
  {
   "__type__": "TexFrame",
   "__typeHash__": 24231676,
   "hImageHandle": 1014222453,
   "flU0": 0.3203125,
   "flV0": 0.0052083334885537624,
   "flU1": 0.6328125,
   "flV1": 0.9427083730697632,
   "flTrimU0": 0.3880208432674408,
   "flTrimV0": 0.1458333432674408,
   "flTrimU1": 0.609375,
   "flTrimV1": 0.796875
  }
 ],
 "ptGCoeffs": [],
 "ptPostprocessed": "0"
}
