{
 "__fileName__": "base/meta/Texture/2DInventory_companion_stor001_goatman.tex",
 "__snoID__": 2116064,
 "__type__": "TextureDefinition",
 "__typeHash__": 3631735738,
 "eTexFormat": 49,
 "dwVolumeXSlices": 1,
 "dwVolumeYSlices": 1,
 "dwWidth": 128,
 "dwHeight": 192,
 "dwDepth": 1,
 "dwFaceCount": 1,
 "dwMipMapLevelMin": 0,
 "dwMipMapLevelMax": 0,
 "dwImportFlags": 395280,
 "eTextureResourceType": 0,
 "rgbavalAvgColor": {
  "r": 0.040153153240680695,
  "g": 0.03135060891509056,
  "b": 0.02479279600083828,
  "a": 1.283087968826294
 },
 "pHotspot": {
  "x": 0,
  "y": 0
 },
 "serTex": [
  {
   "__type__": "SerializeData",
   "__typeHash__": 2632036962,
   "dwOffset": 0,
   "dwSizeAndFlags": 24576
  }
 ],
 "ptFrame": [
  {
   "__type__": "TexFrame",
   "__typeHash__": 24231676,
   "hImageHandle": 871504275,
   "flU0": 0.0078125,
   "flV0": 0.0052083334885537624,
   "flU1": 0.9453125,
   "flV1": 0.9427083730697632,
   "flTrimU0": 0.1015625,
   "flTrimV0": 0.1458333432674408,
   "flTrimU1": 0.8828125,
   "flTrimV1": 0.796875
  }
 ],
 "ptGCoeffs": [],
 "ptPostprocessed": "0"
}
