{
 "__fileName__": "base/meta/Texture/2DInventory_Bundle_Accessory_bar_stor037.tex",
 "__snoID__": 2009658,
 "__type__": "TextureDefinition",
 "__typeHash__": 3631735738,
 "eTexFormat": 49,
 "dwVolumeXSlices": 1,
 "dwVolumeYSlices": 1,
 "dwWidth": 128,
 "dwHeight": 192,
 "dwDepth": 1,
 "dwFaceCount": 1,
 "dwMipMapLevelMin": 0,
 "dwMipMapLevelMax": 0,
 "dwImportFlags": 2576,
 "eTextureResourceType": 0,
 "rgbavalAvgColor": {
  "r": 0.01222617831081152,
  "g": 0.014058672823011875,
  "b": 0.008900399319827557,
  "a": 1.262890100479126
 },
 "pHotspot": {
  "x": 0,
  "y": 0
 },
 "serTex": [
  {
   "__type__": "SerializeData",
   "__typeHash__": 2632036962,
   "dwOffset": 0,
   "dwSizeAndFlags": 24576
  }
 ],
 "ptFrame": [
  {
   "__type__": "TexFrame",
   "__typeHash__": 24231676,
   "hImageHandle": 1611313275,
   "flU0": 0.0078125,
   "flV0": 0.0052083334885537624,
   "flU1": 0.9453125,
   "flV1": 0.9427083730697632,
   "flTrimU0": 0.0390625,
   "flTrimV0": 0.203125,
   "flTrimU1": 0.9140625,
   "flTrimV1": 0.75
  }
 ],
 "ptGCoeffs": [],
 "ptPostprocessed": "0"
}
