{
 "__fileName__": "base/meta/Texture/2DInventory_Bundle_HMount_stor052.tex",
 "__snoID__": 1880941,
 "__type__": "TextureDefinition",
 "__typeHash__": 3631735738,
 "eTexFormat": 49,
 "dwVolumeXSlices": 1,
 "dwVolumeYSlices": 1,
 "dwWidth": 248,
 "dwHeight": 368,
 "dwDepth": 1,
 "dwFaceCount": 1,
 "dwMipMapLevelMin": 0,
 "dwMipMapLevelMax": 0,
 "dwImportFlags": 2576,
 "eTextureResourceType": 0,
 "rgbavalAvgColor": {
  "r": 0.04389730468392372,
  "g": 0.0642920732498169,
  "b": 0.082187719643116,
  "a": 1.2679396867752075
 },
 "pHotspot": {
  "x": 0,
  "y": 0
 },
 "serTex": [
  {
   "__type__": "SerializeData",
   "__typeHash__": 2632036962,
   "dwOffset": 0,
   "dwSizeAndFlags": 94208
  }
 ],
 "ptFrame": [
  {
   "__type__": "TexFrame",
   "__typeHash__": 24231676,
   "hImageHandle": 3820381933,
   "flU0": 0.49596771597862244,
   "flV0": 0.49728262424468994,
   "flU1": 0.9798386693000793,
   "flV1": 0.9864130616188049,
   "flTrimU0": 0.524193525314331,
   "flTrimV0": 0.5244565606117249,
   "flTrimU1": 0.9798386693000793,
   "flTrimV1": 0.89402174949646
  },
  {
   "__type__": "TexFrame",
   "__typeHash__": 24231676,
   "hImageHandle": 1111368639,
   "flU0": 0.004032257944345474,
   "flV0": 0.0027173913549631834,
   "flU1": 0.4879032075405121,
   "flV1": 0.49184784293174744,
   "flTrimU0": 0.02822580561041832,
   "flTrimV0": 0.02445652149617672,
   "flTrimU1": 0.46370965242385864,
   "flTrimV1": 0.49184784293174744
  },
  {
   "__type__": "TexFrame",
   "__typeHash__": 24231676,
   "hImageHandle": 2182338995,
   "flU0": 0.49596771597862244,
   "flV0": 0.0027173913549631834,
   "flU1": 0.9798386693000793,
   "flV1": 0.49184784293174744,
   "flTrimU0": 0.5887096524238586,
   "flTrimV0": 0.08423913270235062,
   "flTrimU1": 0.846774160861969,
   "flTrimV1": 0.39945653080940247
  },
  {
   "__type__": "TexFrame",
   "__typeHash__": 24231676,
   "hImageHandle": 1851109012,
   "flU0": 0.004032257944345474,
   "flV0": 0.49728262424468994,
   "flU1": 0.4879032075405121,
   "flV1": 0.9864130616188049,
   "flTrimU0": 0.1572580635547638,
   "flTrimV0": 0.51902174949646,
   "flTrimU1": 0.3467741906642914,
   "flTrimV1": 0.91847825050354
  }
 ],
 "ptGCoeffs": [],
 "ptPostprocessed": "0"
}
