{
 "__fileName__": "base/meta/Texture/2DInventory_Bundle_HArmor_sor_stor232.tex",
 "__snoID__": 1985065,
 "__type__": "TextureDefinition",
 "__typeHash__": 3631735738,
 "eTexFormat": 49,
 "dwVolumeXSlices": 1,
 "dwVolumeYSlices": 1,
 "dwWidth": 248,
 "dwHeight": 184,
 "dwDepth": 1,
 "dwFaceCount": 1,
 "dwMipMapLevelMin": 0,
 "dwMipMapLevelMax": 0,
 "dwImportFlags": 2064,
 "eTextureResourceType": 0,
 "rgbavalAvgColor": {
  "r": 0.02906075306236744,
  "g": 0.025887273252010345,
  "b": 0.017690636217594147,
  "a": 1.1910709142684937
 },
 "pHotspot": {
  "x": 0,
  "y": 0
 },
 "serTex": [
  {
   "__type__": "SerializeData",
   "__typeHash__": 2632036962,
   "dwOffset": 0,
   "dwSizeAndFlags": 47104
  }
 ],
 "ptFrame": [
  {
   "__type__": "TexFrame",
   "__typeHash__": 24231676,
   "hImageHandle": 121881280,
   "flU0": 0.49596771597862244,
   "flV0": 0.005434782709926367,
   "flU1": 0.9798386693000793,
   "flV1": 0.9836956858634949,
   "flTrimU0": 0.5524193644523621,
   "flTrimV0": 0.22282609343528748,
   "flTrimU1": 0.8709677457809448,
   "flTrimV1": 0.9836956858634949
  },
  {
   "__type__": "TexFrame",
   "__typeHash__": 24231676,
   "hImageHandle": 413333718,
   "flU0": 0.004032257944345474,
   "flV0": 0.005434782709926367,
   "flU1": 0.4879032075405121,
   "flV1": 0.9836956858634949,
   "flTrimU0": 0.06854838132858276,
   "flTrimV0": 0.07608696073293686,
   "flTrimU1": 0.4233870804309845,
   "flTrimV1": 0.97826087474823
  }
 ],
 "ptGCoeffs": [],
 "ptPostprocessed": "0"
}
