{
 "__fileName__": "base/meta/Texture/2DInventory_Bundle_MountAmor_stor172.tex",
 "__snoID__": 1739986,
 "__type__": "TextureDefinition",
 "__typeHash__": 3631735738,
 "eTexFormat": 49,
 "dwVolumeXSlices": 1,
 "dwVolumeYSlices": 1,
 "dwWidth": 248,
 "dwHeight": 504,
 "dwDepth": 1,
 "dwFaceCount": 1,
 "dwMipMapLevelMin": 0,
 "dwMipMapLevelMax": 0,
 "dwImportFlags": 2576,
 "eTextureResourceType": 0,
 "rgbavalAvgColor": {
  "r": 0.04783511906862259,
  "g": 0.03498021140694618,
  "b": 0.024668153375387192,
  "a": 1.3190902471542358
 },
 "pHotspot": {
  "x": 0,
  "y": 0
 },
 "serTex": [
  {
   "__type__": "SerializeData",
   "__typeHash__": 2632036962,
   "dwOffset": 0,
   "dwSizeAndFlags": 129024
  }
 ],
 "ptFrame": [
  {
   "__type__": "TexFrame",
   "__typeHash__": 24231676,
   "hImageHandle": 3689914110,
   "flU0": 0.49596771597862244,
   "flV0": 0.6309524178504944,
   "flU1": 0.9798386693000793,
   "flV1": 0.9880952835083008,
   "flTrimU0": 0.49596771597862244,
   "flTrimV0": 0.6309524178504944,
   "flTrimU1": 0.9556451439857483,
   "flTrimV1": 0.9880952835083008
  },
  {
   "__type__": "TexFrame",
   "__typeHash__": 24231676,
   "hImageHandle": 3075160118,
   "flU0": 0.004032257944345474,
   "flV0": 0.0019841270986944437,
   "flU1": 0.8508064150810242,
   "flV1": 0.626984179019928,
   "flTrimU0": 0.2620967626571655,
   "flTrimV0": 0.0456349216401577,
   "flTrimU1": 0.6008064150810242,
   "flTrimV1": 0.5376984477043152
  },
  {
   "__type__": "TexFrame",
   "__typeHash__": 24231676,
   "hImageHandle": 2743930135,
   "flU0": 0.004032257944345474,
   "flV0": 0.6309524178504944,
   "flU1": 0.4879032075405121,
   "flV1": 0.9880952835083008,
   "flTrimU0": 0.11290322244167328,
   "flTrimV0": 0.6865079998970032,
   "flTrimU1": 0.4193548262119293,
   "flTrimV1": 0.9583333730697632
  }
 ],
 "ptGCoeffs": [],
 "ptPostprocessed": "0"
}
