{
 "__fileName__": "base/meta/Texture/2DInventory_Bundle_HMount_cat_stor009.tex",
 "__snoID__": 2047137,
 "__type__": "TextureDefinition",
 "__typeHash__": 3631735738,
 "eTexFormat": 49,
 "dwVolumeXSlices": 1,
 "dwVolumeYSlices": 1,
 "dwWidth": 248,
 "dwHeight": 368,
 "dwDepth": 1,
 "dwFaceCount": 1,
 "dwMipMapLevelMin": 0,
 "dwMipMapLevelMax": 0,
 "dwImportFlags": 2576,
 "eTextureResourceType": 0,
 "rgbavalAvgColor": {
  "r": 0.06753057986497879,
  "g": 0.04188332334160805,
  "b": 0.04362005740404129,
  "a": 1.2844676971435547
 },
 "pHotspot": {
  "x": 0,
  "y": 0
 },
 "serTex": [
  {
   "__type__": "SerializeData",
   "__typeHash__": 2632036962,
   "dwOffset": 0,
   "dwSizeAndFlags": 94208
  }
 ],
 "ptFrame": [
  {
   "__type__": "TexFrame",
   "__typeHash__": 24231676,
   "hImageHandle": 1949806534,
   "flU0": 0.49596771597862244,
   "flV0": 0.49728262424468994,
   "flU1": 0.9798386693000793,
   "flV1": 0.9864130616188049,
   "flTrimU0": 0.5362902879714966,
   "flTrimV0": 0.5597826242446899,
   "flTrimU1": 0.9758064150810242,
   "flTrimV1": 0.926630437374115
  },
  {
   "__type__": "TexFrame",
   "__typeHash__": 24231676,
   "hImageHandle": 1795996597,
   "flU0": 0.004032257944345474,
   "flV0": 0.0027173913549631834,
   "flU1": 0.4879032075405121,
   "flV1": 0.49184784293174744,
   "flTrimU0": 0.1854838728904724,
   "flTrimV0": 0.02717391401529312,
   "flTrimU1": 0.30645161867141724,
   "flTrimV1": 0.4211956560611725
  },
  {
   "__type__": "TexFrame",
   "__typeHash__": 24231676,
   "hImageHandle": 2557825653,
   "flU0": 0.49596771597862244,
   "flV0": 0.0027173913549631834,
   "flU1": 0.9798386693000793,
   "flV1": 0.49184784293174744,
   "flTrimU0": 0.5040322542190552,
   "flTrimV0": 0.0027173913549631834,
   "flTrimU1": 0.9314515590667725,
   "flTrimV1": 0.4184782803058624
  },
  {
   "__type__": "TexFrame",
   "__typeHash__": 24231676,
   "hImageHandle": 1464766614,
   "flU0": 0.004032257944345474,
   "flV0": 0.49728262424468994,
   "flU1": 0.4879032075405121,
   "flV1": 0.9864130616188049,
   "flTrimU0": 0.08064515888690948,
   "flTrimV0": 0.551630437374115,
   "flTrimU1": 0.4516128897666931,
   "flTrimV1": 0.9239130616188049
  }
 ],
 "ptGCoeffs": [],
 "ptPostprocessed": "0"
}
