{
 "__fileName__": "base/meta/Texture/2DInventory_twoHandSorcStaff_stor027.tex",
 "__snoID__": 1941917,
 "__type__": "TextureDefinition",
 "__typeHash__": 3631735738,
 "eTexFormat": 49,
 "dwVolumeXSlices": 1,
 "dwVolumeYSlices": 1,
 "dwWidth": 256,
 "dwHeight": 192,
 "dwDepth": 1,
 "dwFaceCount": 1,
 "dwMipMapLevelMin": 0,
 "dwMipMapLevelMax": 0,
 "dwImportFlags": 16,
 "eTextureResourceType": 0,
 "rgbavalAvgColor": {
  "r": 0.022739728912711143,
  "g": 0.005401441361755133,
  "b": 0.0023916077334433794,
  "a": 1.1887348890304565
 },
 "pHotspot": {
  "x": 0,
  "y": 0
 },
 "serTex": [
  {
   "__type__": "SerializeData",
   "__typeHash__": 2632036962,
   "dwOffset": 0,
   "dwSizeAndFlags": 49152
  }
 ],
 "ptFrame": [
  {
   "__type__": "TexFrame",
   "__typeHash__": 24231676,
   "hImageHandle": 121881216,
   "flU0": 0,
   "flV0": 0,
   "flU1": 0.46875,
   "flV1": 0.9375,
   "flTrimU0": 0.0546875,
   "flTrimV0": 0.09375,
   "flTrimU1": 0.37109375,
   "flTrimV1": 0.9375
  },
  {
   "__type__": "TexFrame",
   "__typeHash__": 24231676,
   "hImageHandle": 1241072967,
   "flU0": 0.46875,
   "flV0": 0,
   "flU1": 0.9375,
   "flV1": 0.9375,
   "flTrimU0": 0.5390625,
   "flTrimV0": 0.109375,
   "flTrimU1": 0.8671875,
   "flTrimV1": 0.9375
  }
 ],
 "unk_20823c1": [],
 "ptPostprocessed": "0"
}
