{
 "__fileName__": "base/meta/Texture/2DInventory_Bundle_MountAmor_stor207.tex",
 "__snoID__": 1963441,
 "__type__": "TextureDefinition",
 "__typeHash__": 3631735738,
 "eTexFormat": 49,
 "dwVolumeXSlices": 1,
 "dwVolumeYSlices": 1,
 "dwWidth": 152,
 "dwHeight": 416,
 "dwDepth": 1,
 "dwFaceCount": 1,
 "dwMipMapLevelMin": 0,
 "dwMipMapLevelMax": 0,
 "dwImportFlags": 2064,
 "eTextureResourceType": 0,
 "rgbavalAvgColor": {
  "r": 0.026042748242616653,
  "g": 0.0311723705381155,
  "b": 0.020719073712825775,
  "a": 1.3017233610153198
 },
 "pHotspot": {
  "x": 0,
  "y": 0
 },
 "serTex": [
  {
   "__type__": "SerializeData",
   "__typeHash__": 2632036962,
   "dwOffset": 0,
   "dwSizeAndFlags": 79872
  }
 ],
 "ptFrame": [
  {
   "__type__": "TexFrame",
   "__typeHash__": 24231676,
   "hImageHandle": 3243478420,
   "flU0": 0.00657894741743803,
   "flV0": 0.0024038462433964014,
   "flU1": 0.9934210777282715,
   "flV1": 0.5432692766189575,
   "flTrimU0": 0.019736841320991516,
   "flTrimV0": 0.09855769574642181,
   "flTrimU1": 0.9342105388641357,
   "flTrimV1": 0.45913463830947876
  },
  {
   "__type__": "TexFrame",
   "__typeHash__": 24231676,
   "hImageHandle": 912531478,
   "flU0": 0.00657894741743803,
   "flV0": 0.5480769276618958,
   "flU1": 0.7960526347160339,
   "flV1": 0.9807692766189575,
   "flTrimU0": 0.2763157784938812,
   "flTrimV0": 0.5889423489570618,
   "flTrimU1": 0.5723684430122375,
   "flTrimV1": 0.9230769872665405
  }
 ],
 "unk_20823c1": [],
 "ptPostprocessed": "0"
}
