{
 "__fileName__": "base/meta/Texture/2DInventory_Bundle_Starter_Pack_002.tex",
 "__snoID__": 2091535,
 "__type__": "TextureDefinition",
 "__typeHash__": 3631735738,
 "eTexFormat": 49,
 "dwVolumeXSlices": 1,
 "dwVolumeYSlices": 1,
 "dwWidth": 248,
 "dwHeight": 688,
 "dwDepth": 1,
 "dwFaceCount": 1,
 "dwMipMapLevelMin": 0,
 "dwMipMapLevelMax": 0,
 "dwImportFlags": 2576,
 "eTextureResourceType": 0,
 "rgbavalAvgColor": {
  "r": 0.009306777268648148,
  "g": 0.011373902671039104,
  "b": 0.007339057978242636,
  "a": 1.127009391784668
 },
 "pHotspot": {
  "x": 0,
  "y": 0
 },
 "serTex": [
  {
   "__type__": "SerializeData",
   "__typeHash__": 2632036962,
   "dwOffset": 0,
   "dwSizeAndFlags": 176128
  }
 ],
 "ptFrame": [
  {
   "__type__": "TexFrame",
   "__typeHash__": 24231676,
   "hImageHandle": 1139909737,
   "flU0": 0.004032257944345474,
   "flV0": 0.0014534883666783571,
   "flU1": 0.8508064150810242,
   "flV1": 0.4593023359775543,
   "flTrimU0": 0.16129031777381897,
   "flTrimV0": 0.13226744532585144,
   "flTrimU1": 0.7701612710952759,
   "flTrimV1": 0.4593023359775543
  },
  {
   "__type__": "TexFrame",
   "__typeHash__": 24231676,
   "hImageHandle": 3269931009,
   "flU0": 0.004032257944345474,
   "flV0": 0.7267441749572754,
   "flU1": 0.4879032075405121,
   "flV1": 0.9883720874786377,
   "flTrimU0": 0.07258064299821854,
   "flTrimV0": 0.7848837375640869,
   "flTrimU1": 0.3588709533214569,
   "flTrimV1": 0.9883720874786377
  },
  {
   "__type__": "TexFrame",
   "__typeHash__": 24231676,
   "hImageHandle": 1634458157,
   "flU0": 0.004032257944345474,
   "flV0": 0.4622093141078949,
   "flU1": 0.4879032075405121,
   "flV1": 0.7238371968269348,
   "flTrimU0": 0.10080644488334656,
   "flTrimV0": 0.48255813121795654,
   "flTrimU1": 0.3951612710952759,
   "flTrimV1": 0.7049418687820435
  },
  {
   "__type__": "TexFrame",
   "__typeHash__": 24231676,
   "hImageHandle": 3115512795,
   "flU0": 0.49596771597862244,
   "flV0": 0.4622093141078949,
   "flU1": 0.9798386693000793,
   "flV1": 0.7238371968269348,
   "flTrimU0": 0.6330645084381104,
   "flTrimV0": 0.5101743936538696,
   "flTrimU1": 0.9435483813285828,
   "flTrimV1": 0.667151153087616
  }
 ],
 "ptGCoeffs": [],
 "ptPostprocessed": "0"
}
