{
 "__fileName__": "base/meta/Texture/2DInventory_Bundle_PH_UniqueWeapon4.tex",
 "__snoID__": 2043739,
 "__type__": "TextureDefinition",
 "__typeHash__": 3631735738,
 "eTexFormat": 49,
 "dwVolumeXSlices": 1,
 "dwVolumeYSlices": 1,
 "dwWidth": 128,
 "dwHeight": 184,
 "dwDepth": 1,
 "dwFaceCount": 1,
 "dwMipMapLevelMin": 0,
 "dwMipMapLevelMax": 0,
 "dwImportFlags": 2576,
 "eTextureResourceType": 0,
 "rgbavalAvgColor": {
  "r": 0.01714431680738926,
  "g": 0.012825977988541126,
  "b": 0.006648621987551451,
  "a": 1.1643908023834229
 },
 "pHotspot": {
  "x": 0,
  "y": 0
 },
 "serTex": [
  {
   "__type__": "SerializeData",
   "__typeHash__": 2632036962,
   "dwOffset": 0,
   "dwSizeAndFlags": 23552
  }
 ],
 "ptFrame": [
  {
   "__type__": "TexFrame",
   "__typeHash__": 24231676,
   "hImageHandle": 2776908128,
   "flU0": 0.0078125,
   "flV0": 0.005434782709926367,
   "flU1": 0.9453125,
   "flV1": 0.9836956858634949,
   "flTrimU0": 0.3125,
   "flTrimV0": 0.16847826540470123,
   "flTrimU1": 0.671875,
   "flTrimV1": 0.864130437374115
  }
 ],
 "ptGCoeffs": [],
 "ptPostprocessed": "0"
}
