{
 "__fileName__": "base/meta/Texture/2DInventory_Bundle_MountAmor_stor204.tex",
 "__snoID__": 1828416,
 "__type__": "TextureDefinition",
 "__typeHash__": 3631735738,
 "eTexFormat": 49,
 "dwVolumeXSlices": 1,
 "dwVolumeYSlices": 1,
 "dwWidth": 368,
 "dwHeight": 184,
 "dwDepth": 1,
 "dwFaceCount": 1,
 "dwMipMapLevelMin": 0,
 "dwMipMapLevelMax": 0,
 "dwImportFlags": 2576,
 "eTextureResourceType": 0,
 "rgbavalAvgColor": {
  "r": 0.028583548963069916,
  "g": 0.020331401377916336,
  "b": 0.016251787543296814,
  "a": 1.3096572160720825
 },
 "pHotspot": {
  "x": 0,
  "y": 0
 },
 "serTex": [
  {
   "__type__": "SerializeData",
   "__typeHash__": 2632036962,
   "dwOffset": 0,
   "dwSizeAndFlags": 70656
  }
 ],
 "ptFrame": [
  {
   "__type__": "TexFrame",
   "__typeHash__": 24231676,
   "hImageHandle": 1300058330,
   "flU0": 0.66576087474823,
   "flV0": 0.005434782709926367,
   "flU1": 0.9918478727340698,
   "flV1": 0.9836956858634949,
   "flTrimU0": 0.695652186870575,
   "flTrimV0": 0.032608695328235626,
   "flTrimU1": 0.9755434989929199,
   "flTrimV1": 0.9836956858634949
  },
  {
   "__type__": "TexFrame",
   "__typeHash__": 24231676,
   "hImageHandle": 2237451410,
   "flU0": 0.0027173913549631834,
   "flV0": 0.005434782709926367,
   "flU1": 0.3288043439388275,
   "flV1": 0.9836956858634949,
   "flTrimU0": 0.09239130467176437,
   "flTrimV0": 0.07608696073293686,
   "flTrimU1": 0.239130437374115,
   "flTrimV1": 0.842391312122345
  },
  {
   "__type__": "TexFrame",
   "__typeHash__": 24231676,
   "hImageHandle": 1906221427,
   "flU0": 0.33423912525177,
   "flV0": 0.005434782709926367,
   "flU1": 0.6603261232376099,
   "flV1": 0.9836956858634949,
   "flTrimU0": 0.39402174949645996,
   "flTrimV0": 0.17391304671764374,
   "flTrimU1": 0.6005434989929199,
   "flTrimV1": 0.739130437374115
  }
 ],
 "ptGCoeffs": [],
 "ptPostprocessed": "0"
}
