{
 "__fileName__": "base/meta/Texture/2DInventory_Shields_e001.tex",
 "__snoID__": 1828970,
 "__type__": "TextureDefinition",
 "__typeHash__": 3631735738,
 "eTexFormat": 49,
 "dwVolumeXSlices": 1,
 "dwVolumeYSlices": 1,
 "dwWidth": 248,
 "dwHeight": 368,
 "dwDepth": 1,
 "dwFaceCount": 1,
 "dwMipMapLevelMin": 0,
 "dwMipMapLevelMax": 0,
 "dwImportFlags": 2576,
 "eTextureResourceType": 0,
 "rgbavalAvgColor": {
  "r": 0.03160737454891205,
  "g": 0.02669166959822178,
  "b": 0.017042214050889015,
  "a": 1.4832385778427124
 },
 "pHotspot": {
  "x": 0,
  "y": 0
 },
 "serTex": [
  {
   "__type__": "SerializeData",
   "__typeHash__": 2632036962,
   "dwOffset": 0,
   "dwSizeAndFlags": 94208
  }
 ],
 "ptFrame": [
  {
   "__type__": "TexFrame",
   "__typeHash__": 24231676,
   "hImageHandle": 3988898297,
   "flU0": 0.49596771597862244,
   "flV0": 0.49728262424468994,
   "flU1": 0.9798386693000793,
   "flV1": 0.9864130616188049,
   "flTrimU0": 0.5725806355476379,
   "flTrimV0": 0.5244565606117249,
   "flTrimU1": 0.9032257795333862,
   "flTrimV1": 0.95652174949646
  },
  {
   "__type__": "TexFrame",
   "__typeHash__": 24231676,
   "hImageHandle": 3230255131,
   "flU0": 0.004032257944345474,
   "flV0": 0.0027173913549631834,
   "flU1": 0.4879032075405121,
   "flV1": 0.49184784293174744,
   "flTrimU0": 0.02822580561041832,
   "flTrimV0": 0.05163043737411499,
   "flTrimU1": 0.46370965242385864,
   "flTrimV1": 0.4429347813129425
  },
  {
   "__type__": "TexFrame",
   "__typeHash__": 24231676,
   "hImageHandle": 3988898296,
   "flU0": 0.49596771597862244,
   "flV0": 0.0027173913549631834,
   "flU1": 0.9798386693000793,
   "flV1": 0.49184784293174744,
   "flTrimU0": 0.524193525314331,
   "flTrimV0": 0.03804348036646843,
   "flTrimU1": 0.9516128897666931,
   "flTrimV1": 0.448369562625885
  },
  {
   "__type__": "TexFrame",
   "__typeHash__": 24231676,
   "hImageHandle": 3988898295,
   "flU0": 0.004032257944345474,
   "flV0": 0.49728262424468994,
   "flU1": 0.4879032075405121,
   "flV1": 0.9864130616188049,
   "flTrimU0": 0.03629032149910927,
   "flTrimV0": 0.551630437374115,
   "flTrimU1": 0.4556451439857483,
   "flTrimV1": 0.926630437374115
  }
 ],
 "ptGCoeffs": [],
 "ptPostprocessed": "0"
}
