{
 "__fileName__": "base/meta/Texture/2DInventory_Items_Boots_Unique.tex",
 "__snoID__": 1910084,
 "__type__": "TextureDefinition",
 "__typeHash__": 3631735738,
 "eTexFormat": 49,
 "dwVolumeXSlices": 1,
 "dwVolumeYSlices": 1,
 "dwWidth": 368,
 "dwHeight": 456,
 "dwDepth": 1,
 "dwFaceCount": 1,
 "dwMipMapLevelMin": 0,
 "dwMipMapLevelMax": 0,
 "dwImportFlags": 2096,
 "eTextureResourceType": 0,
 "rgbavalAvgColor": {
  "r": 0.01598961465060711,
  "g": 0.01261775940656662,
  "b": 0.008839710615575314,
  "a": 1.3320410251617432
 },
 "pHotspot": {
  "x": 0,
  "y": 0
 },
 "serTex": [
  {
   "__type__": "SerializeData",
   "__typeHash__": 2632036962,
   "dwOffset": 0,
   "dwSizeAndFlags": 175104
  }
 ],
 "ptFrame": [
  {
   "__type__": "TexFrame",
   "__typeHash__": 24231676,
   "hImageHandle": 1984598058,
   "flU0": 0.49728262424468994,
   "flV0": 0.0021929824724793434,
   "flU1": 0.9864130616188049,
   "flV1": 0.594298243522644,
   "flTrimU0": 0.554347813129425,
   "flTrimV0": 0.14035087823867798,
   "flTrimU1": 0.970108687877655,
   "flTrimV1": 0.515350878238678
  },
  {
   "__type__": "TexFrame",
   "__typeHash__": 24231676,
   "hImageHandle": 1992899505,
   "flU0": 0.0027173913549631834,
   "flV0": 0.0021929824724793434,
   "flU1": 0.49184784293174744,
   "flV1": 0.594298243522644,
   "flTrimU0": 0.05978260934352875,
   "flTrimV0": 0.1315789520740509,
   "flTrimU1": 0.45923912525177,
   "flTrimV1": 0.5175438523292542
  },
  {
   "__type__": "TexFrame",
   "__typeHash__": 24231676,
   "hImageHandle": 2501302948,
   "flU0": 0.33423912525177,
   "flV0": 0.5986841917037964,
   "flU1": 0.6603261232376099,
   "flV1": 0.9934210777282715,
   "flTrimU0": 0.37228262424468994,
   "flTrimV0": 0.6710526347160339,
   "flTrimU1": 0.625,
   "flTrimV1": 0.9320175647735596
  },
  {
   "__type__": "TexFrame",
   "__typeHash__": 24231676,
   "hImageHandle": 2493001501,
   "flU0": 0.0027173913549631834,
   "flV0": 0.5986841917037964,
   "flU1": 0.3288043439388275,
   "flV1": 0.9934210777282715,
   "flTrimU0": 0.057065218687057495,
   "flTrimV0": 0.6666666865348816,
   "flTrimU1": 0.27989131212234497,
   "flTrimV1": 0.9210526347160339
  }
 ],
 "ptGCoeffs": [],
 "ptPostprocessed": "0"
}
