{
 "__fileName__": "base/meta/Texture/2DInventory_Bundle_HMount_cat_stor002.tex",
 "__snoID__": 1930912,
 "__type__": "TextureDefinition",
 "__typeHash__": 3631735738,
 "eTexFormat": 49,
 "dwVolumeXSlices": 1,
 "dwVolumeYSlices": 1,
 "dwWidth": 248,
 "dwHeight": 368,
 "dwDepth": 1,
 "dwFaceCount": 1,
 "dwMipMapLevelMin": 0,
 "dwMipMapLevelMax": 0,
 "dwImportFlags": 2576,
 "eTextureResourceType": 0,
 "rgbavalAvgColor": {
  "r": 0.12446021288633347,
  "g": 0.12830525636672974,
  "b": 0.12706871330738068,
  "a": 1.307364821434021
 },
 "pHotspot": {
  "x": 0,
  "y": 0
 },
 "serTex": [
  {
   "__type__": "SerializeData",
   "__typeHash__": 2632036962,
   "dwOffset": 0,
   "dwSizeAndFlags": 94208
  }
 ],
 "ptFrame": [
  {
   "__type__": "TexFrame",
   "__typeHash__": 24231676,
   "hImageHandle": 1941505087,
   "flU0": 0.49596771597862244,
   "flV0": 0.49728262424468994,
   "flU1": 0.9798386693000793,
   "flV1": 0.9864130616188049,
   "flTrimU0": 0.5483870506286621,
   "flTrimV0": 0.5788043737411499,
   "flTrimU1": 0.9798386693000793,
   "flTrimV1": 0.85326087474823
  },
  {
   "__type__": "TexFrame",
   "__typeHash__": 24231676,
   "hImageHandle": 3805421461,
   "flU0": 0.004032257944345474,
   "flV0": 0.0027173913549631834,
   "flU1": 0.4879032075405121,
   "flV1": 0.49184784293174744,
   "flTrimU0": 0.004032257944345474,
   "flTrimV0": 0.0027173913549631834,
   "flTrimU1": 0.4879032075405121,
   "flTrimV1": 0.49184784293174744
  },
  {
   "__type__": "TexFrame",
   "__typeHash__": 24231676,
   "hImageHandle": 4136651444,
   "flU0": 0.49596771597862244,
   "flV0": 0.0027173913549631834,
   "flU1": 0.9798386693000793,
   "flV1": 0.49184784293174744,
   "flTrimU0": 0.6209677457809448,
   "flTrimV0": 0.05434782803058624,
   "flTrimU1": 0.9032257795333862,
   "flTrimV1": 0.42934784293174744
  },
  {
   "__type__": "TexFrame",
   "__typeHash__": 24231676,
   "hImageHandle": 2083216014,
   "flU0": 0.004032257944345474,
   "flV0": 0.49728262424468994,
   "flU1": 0.4879032075405121,
   "flV1": 0.9864130616188049,
   "flTrimU0": 0.02016128972172737,
   "flTrimV0": 0.5869565606117249,
   "flTrimU1": 0.44354838132858276,
   "flTrimV1": 0.9130434989929199
  }
 ],
 "ptGCoeffs": [],
 "ptPostprocessed": "0"
}
