{
 "__fileName__": "base/meta/Texture/2DInventory_Bundle_MountAmor_stor195.tex",
 "__snoID__": 1936803,
 "__type__": "TextureDefinition",
 "__typeHash__": 3631735738,
 "eTexFormat": 49,
 "dwVolumeXSlices": 1,
 "dwVolumeYSlices": 1,
 "dwWidth": 128,
 "dwHeight": 192,
 "dwDepth": 1,
 "dwFaceCount": 1,
 "dwMipMapLevelMin": 0,
 "dwMipMapLevelMax": 0,
 "dwImportFlags": 395792,
 "eTextureResourceType": 0,
 "rgbavalAvgColor": {
  "r": 0.020498527213931084,
  "g": 0.026224667206406593,
  "b": 0.02423379011452198,
  "a": 1.242282509803772
 },
 "pHotspot": {
  "x": 0,
  "y": 0
 },
 "serTex": [
  {
   "__type__": "SerializeData",
   "__typeHash__": 2632036962,
   "dwOffset": 0,
   "dwSizeAndFlags": 24576
  }
 ],
 "ptFrame": [
  {
   "__type__": "TexFrame",
   "__typeHash__": 24231676,
   "hImageHandle": 293050458,
   "flU0": 0.0078125,
   "flV0": 0.0052083334885537624,
   "flU1": 0.9453125,
   "flV1": 0.9427083730697632,
   "flTrimU0": 0.2421875,
   "flTrimV0": 0.0833333358168602,
   "flTrimU1": 0.6953125,
   "flTrimV1": 0.765625
  }
 ],
 "ptGCoeffs": [],
 "ptPostprocessed": "0"
}
