{
 "__fileName__": "base/meta/Texture/2DInventory_Bundle_HMount_cat_stor004.tex",
 "__snoID__": 2006533,
 "__type__": "TextureDefinition",
 "__typeHash__": 3631735738,
 "eTexFormat": 49,
 "dwVolumeXSlices": 1,
 "dwVolumeYSlices": 1,
 "dwWidth": 248,
 "dwHeight": 368,
 "dwDepth": 1,
 "dwFaceCount": 1,
 "dwMipMapLevelMin": 0,
 "dwMipMapLevelMax": 0,
 "dwImportFlags": 2576,
 "eTextureResourceType": 0,
 "rgbavalAvgColor": {
  "r": 0.039287321269512177,
  "g": 0.014113640412688255,
  "b": 0.0075900256633758545,
  "a": 1.3214666843414307
 },
 "pHotspot": {
  "x": 0,
  "y": 0
 },
 "serTex": [
  {
   "__type__": "SerializeData",
   "__typeHash__": 2632036962,
   "dwOffset": 0,
   "dwSizeAndFlags": 94208
  }
 ],
 "ptFrame": [
  {
   "__type__": "TexFrame",
   "__typeHash__": 24231676,
   "hImageHandle": 1943876929,
   "flU0": 0.49596771597862244,
   "flV0": 0.49728262424468994,
   "flU1": 0.9798386693000793,
   "flV1": 0.9864130616188049,
   "flTrimU0": 0.5524193644523621,
   "flTrimV0": 0.573369562625885,
   "flTrimU1": 0.9798386693000793,
   "flTrimV1": 0.8913043737411499
  },
  {
   "__type__": "TexFrame",
   "__typeHash__": 24231676,
   "hImageHandle": 2811731512,
   "flU0": 0.004032257944345474,
   "flV0": 0.0027173913549631834,
   "flU1": 0.4879032075405121,
   "flV1": 0.49184784293174744,
   "flTrimU0": 0.07661290466785431,
   "flTrimV0": 0.04619565233588219,
   "flTrimU1": 0.45967739820480347,
   "flTrimV1": 0.4429347813129425
  },
  {
   "__type__": "TexFrame",
   "__typeHash__": 24231676,
   "hImageHandle": 2480501529,
   "flU0": 0.49596771597862244,
   "flV0": 0.0027173913549631834,
   "flU1": 0.9798386693000793,
   "flV1": 0.49184784293174744,
   "flTrimU0": 0.5443547964096069,
   "flTrimV0": 0.05163043737411499,
   "flTrimU1": 0.8709677457809448,
   "flTrimV1": 0.42391306161880493
  },
  {
   "__type__": "TexFrame",
   "__typeHash__": 24231676,
   "hImageHandle": 2218818768,
   "flU0": 0.004032257944345474,
   "flV0": 0.49728262424468994,
   "flU1": 0.4879032075405121,
   "flV1": 0.9864130616188049,
   "flTrimU0": 0.004032257944345474,
   "flTrimV0": 0.5760869383811951,
   "flTrimU1": 0.4516128897666931,
   "flTrimV1": 0.9130434989929199
  }
 ],
 "ptGCoeffs": [],
 "ptPostprocessed": "0"
}
