{
 "__fileName__": "base/meta/Texture/2DInventory_Bundle_HMount_stor042.tex",
 "__snoID__": 1827886,
 "__type__": "TextureDefinition",
 "__typeHash__": 3631735738,
 "eTexFormat": 49,
 "dwVolumeXSlices": 1,
 "dwVolumeYSlices": 1,
 "dwWidth": 400,
 "dwHeight": 232,
 "dwDepth": 1,
 "dwFaceCount": 1,
 "dwMipMapLevelMin": 0,
 "dwMipMapLevelMax": 0,
 "dwImportFlags": 2576,
 "eTextureResourceType": 0,
 "rgbavalAvgColor": {
  "r": 0.030870333313941956,
  "g": 0.03211329132318497,
  "b": 0.035721734166145325,
  "a": 1.3390793800354004
 },
 "pHotspot": {
  "x": 0,
  "y": 0
 },
 "serTex": [
  {
   "__type__": "SerializeData",
   "__typeHash__": 2632036962,
   "dwOffset": 0,
   "dwSizeAndFlags": 103936
  }
 ],
 "ptFrame": [
  {
   "__type__": "TexFrame",
   "__typeHash__": 24231676,
   "hImageHandle": 624280441,
   "flU0": 0.6875,
   "flV0": 0.004310344811528921,
   "flU1": 0.9874999523162842,
   "flV1": 0.7801724076271057,
   "flTrimU0": 0.7849999666213989,
   "flTrimV0": 0.03448275849223137,
   "flTrimU1": 0.875,
   "flTrimV1": 0.6767241358757019
  },
  {
   "__type__": "TexFrame",
   "__typeHash__": 24231676,
   "hImageHandle": 3700714690,
   "flU0": 0.3824999928474426,
   "flV0": 0.004310344811528921,
   "flU1": 0.6825000047683716,
   "flV1": 0.7801724076271057,
   "flTrimU0": 0.4025000035762787,
   "flTrimV0": 0.004310344811528921,
   "flTrimU1": 0.6699999570846558,
   "flTrimV1": 0.7801724076271057
  },
  {
   "__type__": "TexFrame",
   "__typeHash__": 24231676,
   "hImageHandle": 4151611916,
   "flU0": 0.0024999999441206455,
   "flV0": 0.004310344811528921,
   "flU1": 0.3774999976158142,
   "flV1": 0.9741379022598267,
   "flTrimU0": 0.022499999031424522,
   "flTrimV0": 0.05603448301553726,
   "flTrimU1": 0.3774999976158142,
   "flTrimV1": 0.7887930870056152
  }
 ],
 "ptGCoeffs": [],
 "ptPostprocessed": "0"
}
