{
 "__fileName__": "base/meta/Texture/2DInventory_Bundle_Promo_Discord_001.tex",
 "__snoID__": 2102385,
 "__type__": "TextureDefinition",
 "__typeHash__": 3631735738,
 "eTexFormat": 49,
 "dwVolumeXSlices": 1,
 "dwVolumeYSlices": 1,
 "dwWidth": 400,
 "dwHeight": 232,
 "dwDepth": 1,
 "dwFaceCount": 1,
 "dwMipMapLevelMin": 0,
 "dwMipMapLevelMax": 0,
 "dwImportFlags": 2576,
 "eTextureResourceType": 0,
 "rgbavalAvgColor": {
  "r": 0.004428065847605467,
  "g": 0.003956272266805172,
  "b": 0.007293430622667074,
  "a": 1.1401013135910034
 },
 "pHotspot": {
  "x": 0,
  "y": 0
 },
 "serTex": [
  {
   "__type__": "SerializeData",
   "__typeHash__": 2632036962,
   "dwOffset": 0,
   "dwSizeAndFlags": 103936
  }
 ],
 "ptFrame": [
  {
   "__type__": "TexFrame",
   "__typeHash__": 24231676,
   "hImageHandle": 1634458191,
   "flU0": 0.0024999999441206455,
   "flV0": 0.004310344811528921,
   "flU1": 0.3774999976158142,
   "flV1": 0.9741379022598267,
   "flTrimU0": 0.054999999701976776,
   "flTrimV0": 0.09913793206214905,
   "flTrimU1": 0.3174999952316284,
   "flTrimV1": 0.9051724076271057
  },
  {
   "__type__": "TexFrame",
   "__typeHash__": 24231676,
   "hImageHandle": 3269931082,
   "flU0": 0.6875,
   "flV0": 0.004310344811528921,
   "flU1": 0.9874999523162842,
   "flV1": 0.7801724076271057,
   "flTrimU0": 0.7425000071525574,
   "flTrimV0": 0.19396550953388214,
   "flTrimU1": 0.9674999713897705,
   "flTrimV1": 0.7801724076271057
  },
  {
   "__type__": "TexFrame",
   "__typeHash__": 24231676,
   "hImageHandle": 3772429927,
   "flU0": 0.3824999928474426,
   "flV0": 0.004310344811528921,
   "flU1": 0.6825000047683716,
   "flV1": 0.7801724076271057,
   "flTrimU0": 0.4350000023841858,
   "flTrimV0": 0.043103449046611786,
   "flTrimU1": 0.5999999642372131,
   "flTrimV1": 0.732758641242981
  }
 ],
 "ptGCoeffs": [],
 "ptPostprocessed": "0"
}
