{
 "__fileName__": "base/meta/Texture/2DInventory_Bundle_Promo_Twitch_S06.tex",
 "__snoID__": 2075515,
 "__type__": "TextureDefinition",
 "__typeHash__": 3631735738,
 "eTexFormat": 47,
 "dwVolumeXSlices": 1,
 "dwVolumeYSlices": 1,
 "dwWidth": 256,
 "dwHeight": 192,
 "dwDepth": 1,
 "dwFaceCount": 1,
 "dwMipMapLevelMin": 0,
 "dwMipMapLevelMax": 0,
 "dwImportFlags": 2576,
 "eTextureResourceType": 0,
 "rgbavalAvgColor": {
  "r": 0.01384204812347889,
  "g": 0.013262619264423847,
  "b": 0.007139452267438173,
  "a": 1.2630925178527832
 },
 "pHotspot": {
  "x": 0,
  "y": 0
 },
 "serTex": [
  {
   "__type__": "SerializeData",
   "__typeHash__": 2632036962,
   "dwOffset": 0,
   "dwSizeAndFlags": 24576
  }
 ],
 "ptFrame": [
  {
   "__type__": "TexFrame",
   "__typeHash__": 24231676,
   "hImageHandle": 3516467671,
   "flU0": 0.48046875,
   "flV0": 0.0052083334885537624,
   "flU1": 0.94921875,
   "flV1": 0.9427083730697632,
   "flTrimU0": 0.5234375,
   "flTrimV0": 0.1354166716337204,
   "flTrimU1": 0.90625,
   "flTrimV1": 0.8020833730697632
  },
  {
   "__type__": "TexFrame",
   "__typeHash__": 24231676,
   "hImageHandle": 1903263993,
   "flU0": 0.00390625,
   "flV0": 0.0052083334885537624,
   "flU1": 0.47265625,
   "flV1": 0.9427083730697632,
   "flTrimU0": 0.01953125,
   "flTrimV0": 0.1875,
   "flTrimU1": 0.45703125,
   "flTrimV1": 0.78125
  }
 ],
 "ptGCoeffs": [],
 "ptPostprocessed": "0"
}
