{
 "__fileName__": "base/meta/Texture/2DInventory_Bundle_Progression2_FreeGifts.tex",
 "__snoID__": 2114283,
 "__type__": "TextureDefinition",
 "__typeHash__": 3631735738,
 "eTexFormat": 49,
 "dwVolumeXSlices": 1,
 "dwVolumeYSlices": 1,
 "dwWidth": 448,
 "dwHeight": 256,
 "dwDepth": 1,
 "dwFaceCount": 1,
 "dwMipMapLevelMin": 0,
 "dwMipMapLevelMax": 0,
 "dwImportFlags": 2576,
 "eTextureResourceType": 0,
 "rgbavalAvgColor": {
  "r": 0.008873343467712402,
  "g": 0.006753874011337757,
  "b": 0.005292828194797039,
  "a": 1.2025551795959473
 },
 "pHotspot": {
  "x": 0,
  "y": 0
 },
 "serTex": [
  {
   "__type__": "SerializeData",
   "__typeHash__": 2632036962,
   "dwOffset": 0,
   "dwSizeAndFlags": 114688
  }
 ],
 "ptFrame": [
  {
   "__type__": "TexFrame",
   "__typeHash__": 24231676,
   "hImageHandle": 4109992659,
   "flU0": 0.613839328289032,
   "flV0": 0.00390625,
   "flU1": 0.8816964626312256,
   "flV1": 0.70703125,
   "flTrimU0": 0.6629464626312256,
   "flTrimV0": 0.04296875,
   "flTrimU1": 0.8281250596046448,
   "flTrimV1": 0.6484375
  },
  {
   "__type__": "TexFrame",
   "__typeHash__": 24231676,
   "hImageHandle": 399147317,
   "flU0": 0.0022321429569274187,
   "flV0": 0.00390625,
   "flU1": 0.3370535969734192,
   "flV1": 0.8828125,
   "flTrimU0": 0.0066964291036129,
   "flTrimV0": 0.1484375,
   "flTrimU1": 0.3370535969734192,
   "flTrimV1": 0.8828125
  },
  {
   "__type__": "TexFrame",
   "__typeHash__": 24231676,
   "hImageHandle": 3269930975,
   "flU0": 0.3415178656578064,
   "flV0": 0.00390625,
   "flU1": 0.609375,
   "flV1": 0.70703125,
   "flTrimU0": 0.3794642984867096,
   "flTrimV0": 0.16796875,
   "flTrimU1": 0.5959821939468384,
   "flTrimV1": 0.70703125
  }
 ],
 "ptGCoeffs": [],
 "ptPostprocessed": "0"
}
