{
 "__fileName__": "base/meta/Texture/2DInventory_Bundle_MountAmor_stor004.tex",
 "__snoID__": 1232575,
 "__type__": "TextureDefinition",
 "__typeHash__": 3631735738,
 "eTexFormat": 49,
 "dwVolumeXSlices": 1,
 "dwVolumeYSlices": 1,
 "dwWidth": 488,
 "dwHeight": 272,
 "dwDepth": 1,
 "dwFaceCount": 1,
 "dwMipMapLevelMin": 0,
 "dwMipMapLevelMax": 0,
 "dwImportFlags": 2576,
 "eTextureResourceType": 0,
 "rgbavalAvgColor": {
  "r": 0.24125820398330688,
  "g": 0.23328739404678345,
  "b": 0.2276674509048462,
  "a": 1.3372970819473267
 },
 "pHotspot": {
  "x": 0,
  "y": 0
 },
 "serTex": [
  {
   "__type__": "SerializeData",
   "__typeHash__": 2632036962,
   "dwOffset": 0,
   "dwSizeAndFlags": 139264
  }
 ],
 "ptFrame": [
  {
   "__type__": "TexFrame",
   "__typeHash__": 24231676,
   "hImageHandle": 4056161105,
   "flU0": 0.7479507923126221,
   "flV0": 0.0036764706019312143,
   "flU1": 0.9938523769378662,
   "flV1": 0.6654411554336548,
   "flTrimU0": 0.7479507923126221,
   "flTrimV0": 0.0036764706019312143,
   "flTrimU1": 0.9938523769378662,
   "flTrimV1": 0.6654411554336548
  },
  {
   "__type__": "TexFrame",
   "__typeHash__": 24231676,
   "hImageHandle": 92423792,
   "flU0": 0.0020491802133619785,
   "flV0": 0.0036764706019312143,
   "flU1": 0.37090161442756653,
   "flV1": 0.9963235259056091,
   "flTrimU0": 0.07172130793333054,
   "flTrimV0": 0.25,
   "flTrimU1": 0.3155737519264221,
   "flTrimV1": 0.7647058963775635
  },
  {
   "__type__": "TexFrame",
   "__typeHash__": 24231676,
   "hImageHandle": 2957903809,
   "flU0": 0.3749999701976776,
   "flV0": 0.0036764706019312143,
   "flU1": 0.743852436542511,
   "flV1": 0.9963235259056091,
   "flTrimU0": 0.39754095673561096,
   "flTrimV0": 0.014705882407724857,
   "flTrimU1": 0.7274589538574219,
   "flTrimV1": 0.9963235259056091
  }
 ],
 "ptGCoeffs": [],
 "ptPostprocessed": "0"
}
