{
 "__fileName__": "base/meta/Texture/2DInventory_Bundle_HMount_stor048.tex",
 "__snoID__": 1826172,
 "__type__": "TextureDefinition",
 "__typeHash__": 3631735738,
 "eTexFormat": 49,
 "dwVolumeXSlices": 1,
 "dwVolumeYSlices": 1,
 "dwWidth": 128,
 "dwHeight": 184,
 "dwDepth": 1,
 "dwFaceCount": 1,
 "dwMipMapLevelMin": 0,
 "dwMipMapLevelMax": 0,
 "dwImportFlags": 2576,
 "eTextureResourceType": 0,
 "rgbavalAvgColor": {
  "r": 0.03801078721880913,
  "g": 0.0325283519923687,
  "b": 0.026929063722491264,
  "a": 1.353100299835205
 },
 "pHotspot": {
  "x": 0,
  "y": 0
 },
 "serTex": [
  {
   "__type__": "SerializeData",
   "__typeHash__": 2632036962,
   "dwOffset": 0,
   "dwSizeAndFlags": 23552
  }
 ],
 "ptFrame": [
  {
   "__type__": "TexFrame",
   "__typeHash__": 24231676,
   "hImageHandle": 3310485138,
   "flU0": 0.0078125,
   "flV0": 0.005434782709926367,
   "flU1": 0.9453125,
   "flV1": 0.9836956858634949,
   "flTrimU0": 0.140625,
   "flTrimV0": 0.1304347813129425,
   "flTrimU1": 0.9453125,
   "flTrimV1": 0.8369565606117249
  }
 ],
 "ptGCoeffs": [],
 "ptPostprocessed": "0"
}
