{
 "__fileName__": "base/meta/Texture/2DInventory_Bundle_HMount_cat_stor001.tex",
 "__snoID__": 1930297,
 "__type__": "TextureDefinition",
 "__typeHash__": 3631735738,
 "eTexFormat": 49,
 "dwVolumeXSlices": 1,
 "dwVolumeYSlices": 1,
 "dwWidth": 368,
 "dwHeight": 184,
 "dwDepth": 1,
 "dwFaceCount": 1,
 "dwMipMapLevelMin": 0,
 "dwMipMapLevelMax": 0,
 "dwImportFlags": 2576,
 "eTextureResourceType": 0,
 "rgbavalAvgColor": {
  "r": 0.08774441480636597,
  "g": 0.07376943528652191,
  "b": 0.055771905928850174,
  "a": 1.2992089986801147
 },
 "pHotspot": {
  "x": 0,
  "y": 0
 },
 "serTex": [
  {
   "__type__": "SerializeData",
   "__typeHash__": 2632036962,
   "dwOffset": 0,
   "dwSizeAndFlags": 70656
  }
 ],
 "ptFrame": [
  {
   "__type__": "TexFrame",
   "__typeHash__": 24231676,
   "hImageHandle": 504144114,
   "flU0": 0.66576087474823,
   "flV0": 0.005434782709926367,
   "flU1": 0.9918478727340698,
   "flV1": 0.9836956858634949,
   "flTrimU0": 0.7635869979858398,
   "flTrimV0": 0.03804348036646843,
   "flTrimU1": 0.8913043737411499,
   "flTrimV1": 0.8478261232376099
  },
  {
   "__type__": "TexFrame",
   "__typeHash__": 24231676,
   "hImageHandle": 1940319166,
   "flU0": 0.0027173913549631834,
   "flV0": 0.005434782709926367,
   "flU1": 0.3288043439388275,
   "flV1": 0.9836956858634949,
   "flTrimU0": 0.03804348036646843,
   "flTrimV0": 0.17934782803058624,
   "flTrimU1": 0.3288043439388275,
   "flTrimV1": 0.9836956858634949
  },
  {
   "__type__": "TexFrame",
   "__typeHash__": 24231676,
   "hImageHandle": 2015414637,
   "flU0": 0.33423912525177,
   "flV0": 0.005434782709926367,
   "flU1": 0.6603261232376099,
   "flV1": 0.9836956858634949,
   "flTrimU0": 0.33423912525177,
   "flTrimV0": 0.11413043737411499,
   "flTrimU1": 0.6222826242446899,
   "flTrimV1": 0.8369565606117249
  }
 ],
 "ptGCoeffs": [],
 "ptPostprocessed": "0"
}
