{
 "__fileName__": "base/meta/Texture/2DInventory_Bundle_Weapons_Thorns_of_Claret.tex",
 "__snoID__": 2118324,
 "__type__": "TextureDefinition",
 "__typeHash__": 3631735738,
 "eTexFormat": 49,
 "dwVolumeXSlices": 1,
 "dwVolumeYSlices": 1,
 "dwWidth": 384,
 "dwHeight": 192,
 "dwDepth": 1,
 "dwFaceCount": 1,
 "dwMipMapLevelMin": 0,
 "dwMipMapLevelMax": 0,
 "dwImportFlags": 2576,
 "eTextureResourceType": 0,
 "rgbavalAvgColor": {
  "r": 0.009225033223628998,
  "g": 0.0016742065781727433,
  "b": 0.0015481511363759637,
  "a": 1.1357148885726929
 },
 "pHotspot": {
  "x": 0,
  "y": 0
 },
 "serTex": [
  {
   "__type__": "SerializeData",
   "__typeHash__": 2632036962,
   "dwOffset": 0,
   "dwSizeAndFlags": 73728
  }
 ],
 "ptFrame": [
  {
   "__type__": "TexFrame",
   "__typeHash__": 24231676,
   "hImageHandle": 587952451,
   "flU0": 0.6380208730697632,
   "flV0": 0.0052083334885537624,
   "flU1": 0.9505208730697632,
   "flV1": 0.9427083730697632,
   "flTrimU0": 0.6640625,
   "flTrimV0": 0.0364583358168602,
   "flTrimU1": 0.90625,
   "flTrimV1": 0.9427083730697632
  },
  {
   "__type__": "TexFrame",
   "__typeHash__": 24231676,
   "hImageHandle": 3772429074,
   "flU0": 0.0026041667442768812,
   "flV0": 0.0052083334885537624,
   "flU1": 0.3151041865348816,
   "flV1": 0.9427083730697632,
   "flTrimU0": 0.0546875,
   "flTrimV0": 0.0885416716337204,
   "flTrimU1": 0.25,
   "flTrimV1": 0.859375
  },
  {
   "__type__": "TexFrame",
   "__typeHash__": 24231676,
   "hImageHandle": 1634458126,
   "flU0": 0.3203125,
   "flV0": 0.0052083334885537624,
   "flU1": 0.6328125,
   "flV1": 0.9427083730697632,
   "flTrimU0": 0.3645833432674408,
   "flTrimV0": 0.09375,
   "flTrimU1": 0.5833333730697632,
   "flTrimV1": 0.8541666865348816
  }
 ],
 "ptGCoeffs": [],
 "ptPostprocessed": "0"
}
