{
 "__fileName__": "base/meta/Texture/2DInventory_Bundle_HMount_cat_stor003.tex",
 "__snoID__": 1936019,
 "__type__": "TextureDefinition",
 "__typeHash__": 3631735738,
 "eTexFormat": 49,
 "dwVolumeXSlices": 1,
 "dwVolumeYSlices": 1,
 "dwWidth": 248,
 "dwHeight": 368,
 "dwDepth": 1,
 "dwFaceCount": 1,
 "dwMipMapLevelMin": 0,
 "dwMipMapLevelMax": 0,
 "dwImportFlags": 2576,
 "eTextureResourceType": 0,
 "rgbavalAvgColor": {
  "r": 0.02188793383538723,
  "g": 0.022691253572702408,
  "b": 0.009465551003813744,
  "a": 1.2941722869873047
 },
 "pHotspot": {
  "x": 0,
  "y": 0
 },
 "serTex": [
  {
   "__type__": "SerializeData",
   "__typeHash__": 2632036962,
   "dwOffset": 0,
   "dwSizeAndFlags": 94208
  }
 ],
 "ptFrame": [
  {
   "__type__": "TexFrame",
   "__typeHash__": 24231676,
   "hImageHandle": 1942691008,
   "flU0": 0.49596771597862244,
   "flV0": 0.49728262424468994,
   "flU1": 0.9798386693000793,
   "flV1": 0.9864130616188049,
   "flTrimU0": 0.5483870506286621,
   "flTrimV0": 0.510869562625885,
   "flTrimU1": 0.9798386693000793,
   "flTrimV1": 0.8777174353599548
  },
  {
   "__type__": "TexFrame",
   "__typeHash__": 24231676,
   "hImageHandle": 3474191478,
   "flU0": 0.004032257944345474,
   "flV0": 0.0027173913549631834,
   "flU1": 0.4879032075405121,
   "flV1": 0.49184784293174744,
   "flTrimU0": 0.16935482621192932,
   "flTrimV0": 0.019021740183234215,
   "flTrimU1": 0.33870965242385864,
   "flTrimV1": 0.42391306161880493
  },
  {
   "__type__": "TexFrame",
   "__typeHash__": 24231676,
   "hImageHandle": 3142961495,
   "flU0": 0.49596771597862244,
   "flV0": 0.0027173913549631834,
   "flU1": 0.9798386693000793,
   "flV1": 0.49184784293174744,
   "flTrimU0": 0.5806451439857483,
   "flTrimV0": 0.10054347664117813,
   "flTrimU1": 0.9233870506286621,
   "flTrimV1": 0.4103260934352875
  },
  {
   "__type__": "TexFrame",
   "__typeHash__": 24231676,
   "hImageHandle": 2151017391,
   "flU0": 0.004032257944345474,
   "flV0": 0.49728262424468994,
   "flU1": 0.4879032075405121,
   "flV1": 0.9864130616188049,
   "flTrimU0": 0.004032257944345474,
   "flTrimV0": 0.529891312122345,
   "flTrimU1": 0.4556451439857483,
   "flTrimV1": 0.9103261232376099
  }
 ],
 "ptGCoeffs": [],
 "ptPostprocessed": "0"
}
