{
 "__fileName__": "base/meta/Texture/2DInventory_Kurast_Undercity.tex",
 "__snoID__": 2097351,
 "__type__": "TextureDefinition",
 "__typeHash__": 3631735738,
 "eTexFormat": 47,
 "dwVolumeXSlices": 1,
 "dwVolumeYSlices": 1,
 "dwWidth": 256,
 "dwHeight": 384,
 "dwDepth": 1,
 "dwFaceCount": 1,
 "dwMipMapLevelMin": 0,
 "dwMipMapLevelMax": 0,
 "dwImportFlags": 16,
 "eTextureResourceType": 0,
 "rgbavalAvgColor": {
  "r": 0.10490018129348755,
  "g": 0.09578093886375427,
  "b": 0.08170270919799805,
  "a": 1.4010833501815796
 },
 "pHotspot": {
  "x": 0,
  "y": 0
 },
 "serTex": [
  {
   "__type__": "SerializeData",
   "__typeHash__": 2632036962,
   "dwOffset": 0,
   "dwSizeAndFlags": 49152
  }
 ],
 "ptFrame": [
  {
   "__type__": "TexFrame",
   "__typeHash__": 24231676,
   "hImageHandle": 1268089143,
   "flU0": 0,
   "flV0": 0,
   "flU1": 0.46875,
   "flV1": 0.46875,
   "flTrimU0": 0,
   "flTrimV0": 0,
   "flTrimU1": 0.46875,
   "flTrimV1": 0.46875
  },
  {
   "__type__": "TexFrame",
   "__typeHash__": 24231676,
   "hImageHandle": 1268089146,
   "flU0": 0.46875,
   "flV0": 0,
   "flU1": 0.9375,
   "flV1": 0.46875,
   "flTrimU0": 0.46875,
   "flTrimV0": 0,
   "flTrimU1": 0.9296875,
   "flTrimV1": 0.46875
  },
  {
   "__type__": "TexFrame",
   "__typeHash__": 24231676,
   "hImageHandle": 1268089145,
   "flU0": 0,
   "flV0": 0.46875,
   "flU1": 0.46875,
   "flV1": 0.9375,
   "flTrimU0": 0,
   "flTrimV0": 0.46875,
   "flTrimU1": 0.46875,
   "flTrimV1": 0.9375
  },
  {
   "__type__": "TexFrame",
   "__typeHash__": 24231676,
   "hImageHandle": 1268089144,
   "flU0": 0.46875,
   "flV0": 0.46875,
   "flU1": 0.9375,
   "flV1": 0.9375,
   "flTrimU0": 0.46875,
   "flTrimV0": 0.46875,
   "flTrimU1": 0.9375,
   "flTrimV1": 0.9375
  }
 ],
 "ptGCoeffs": [],
 "ptPostprocessed": "0"
}
