{
 "__fileName__": "base/meta/Texture/2DInventory_Daggers_e001.tex",
 "__snoID__": 1751710,
 "__type__": "TextureDefinition",
 "__typeHash__": 3631735738,
 "eTexFormat": 49,
 "dwVolumeXSlices": 1,
 "dwVolumeYSlices": 1,
 "dwWidth": 248,
 "dwHeight": 368,
 "dwDepth": 1,
 "dwFaceCount": 1,
 "dwMipMapLevelMin": 0,
 "dwMipMapLevelMax": 0,
 "dwImportFlags": 2576,
 "eTextureResourceType": 0,
 "rgbavalAvgColor": {
  "r": 0.007579321973025799,
  "g": 0.005323752760887146,
  "b": 0.0028745755553245544,
  "a": 1.1491719484329224
 },
 "pHotspot": {
  "x": 0,
  "y": 0
 },
 "serTex": [
  {
   "__type__": "SerializeData",
   "__typeHash__": 2632036962,
   "dwOffset": 0,
   "dwSizeAndFlags": 94208
  }
 ],
 "ptFrame": [
  {
   "__type__": "TexFrame",
   "__typeHash__": 24231676,
   "hImageHandle": 2094985452,
   "flU0": 0.49596771597862244,
   "flV0": 0.49728262424468994,
   "flU1": 0.9798386693000793,
   "flV1": 0.9864130616188049,
   "flTrimU0": 0.5685483813285828,
   "flTrimV0": 0.54076087474823,
   "flTrimU1": 0.8790322542190552,
   "flTrimV1": 0.948369562625885
  },
  {
   "__type__": "TexFrame",
   "__typeHash__": 24231676,
   "hImageHandle": 2853628618,
   "flU0": 0.004032257944345474,
   "flV0": 0.0027173913549631834,
   "flU1": 0.4879032075405121,
   "flV1": 0.49184784293174744,
   "flTrimU0": 0.08467741310596466,
   "flTrimV0": 0.05434782803058624,
   "flTrimU1": 0.38306450843811035,
   "flTrimV1": 0.448369562625885
  },
  {
   "__type__": "TexFrame",
   "__typeHash__": 24231676,
   "hImageHandle": 2853628621,
   "flU0": 0.49596771597862244,
   "flV0": 0.0027173913549631834,
   "flU1": 0.9798386693000793,
   "flV1": 0.49184784293174744,
   "flTrimU0": 0.5362902879714966,
   "flTrimV0": 0.032608695328235626,
   "flTrimU1": 0.8387096524238586,
   "flTrimV1": 0.44021740555763245
  },
  {
   "__type__": "TexFrame",
   "__typeHash__": 24231676,
   "hImageHandle": 2853628620,
   "flU0": 0.004032257944345474,
   "flV0": 0.49728262424468994,
   "flU1": 0.4879032075405121,
   "flV1": 0.9864130616188049,
   "flTrimU0": 0.08870967477560043,
   "flTrimV0": 0.54347825050354,
   "flTrimU1": 0.3951612710952759,
   "flTrimV1": 0.948369562625885
  }
 ],
 "ptGCoeffs": [],
 "ptPostprocessed": "0"
}
