{
 "__fileName__": "base/meta/Texture/2DInventory_Bundle_HMount_stor046.tex",
 "__snoID__": 1930226,
 "__type__": "TextureDefinition",
 "__typeHash__": 3631735738,
 "eTexFormat": 49,
 "dwVolumeXSlices": 1,
 "dwVolumeYSlices": 1,
 "dwWidth": 368,
 "dwHeight": 184,
 "dwDepth": 1,
 "dwFaceCount": 1,
 "dwMipMapLevelMin": 0,
 "dwMipMapLevelMax": 0,
 "dwImportFlags": 2576,
 "eTextureResourceType": 0,
 "rgbavalAvgColor": {
  "r": 0.14772476255893707,
  "g": 0.14759044349193573,
  "b": 0.14401459693908691,
  "a": 1.1996819972991943
 },
 "pHotspot": {
  "x": 0,
  "y": 0
 },
 "serTex": [
  {
   "__type__": "SerializeData",
   "__typeHash__": 2632036962,
   "dwOffset": 0,
   "dwSizeAndFlags": 70656
  }
 ],
 "ptFrame": [
  {
   "__type__": "TexFrame",
   "__typeHash__": 24231676,
   "hImageHandle": 796271348,
   "flU0": 0.66576087474823,
   "flV0": 0.005434782709926367,
   "flU1": 0.9918478727340698,
   "flV1": 0.9836956858634949,
   "flTrimU0": 0.6847826242446899,
   "flTrimV0": 0.07065217196941376,
   "flTrimU1": 0.9918478727340698,
   "flTrimV1": 0.89673912525177
  },
  {
   "__type__": "TexFrame",
   "__typeHash__": 24231676,
   "hImageHandle": 945598927,
   "flU0": 0.0027173913549631834,
   "flV0": 0.005434782709926367,
   "flU1": 0.3288043439388275,
   "flV1": 0.9836956858634949,
   "flTrimU0": 0.0027173913549631834,
   "flTrimV0": 0.005434782709926367,
   "flTrimU1": 0.3288043439388275,
   "flTrimV1": 0.9836956858634949
  },
  {
   "__type__": "TexFrame",
   "__typeHash__": 24231676,
   "hImageHandle": 614368944,
   "flU0": 0.33423912525177,
   "flV0": 0.005434782709926367,
   "flU1": 0.6603261232376099,
   "flV1": 0.9836956858634949,
   "flTrimU0": 0.46195653080940247,
   "flTrimV0": 0.032608695328235626,
   "flTrimU1": 0.532608687877655,
   "flTrimV1": 0.8478261232376099
  }
 ],
 "ptGCoeffs": [],
 "ptPostprocessed": "0"
}
