{
 "__fileName__": "base/meta/Texture/2DInventory_Caches.tex",
 "__snoID__": 1039869,
 "__type__": "TextureDefinition",
 "__typeHash__": 3631735738,
 "eTexFormat": 49,
 "dwVolumeXSlices": 1,
 "dwVolumeYSlices": 1,
 "dwWidth": 248,
 "dwHeight": 368,
 "dwDepth": 1,
 "dwFaceCount": 1,
 "dwMipMapLevelMin": 0,
 "dwMipMapLevelMax": 0,
 "dwImportFlags": 2096,
 "eTextureResourceType": 0,
 "rgbavalAvgColor": {
  "r": 0.3997516334056854,
  "g": 0.3770866394042969,
  "b": 0.3513175845146179,
  "a": 1.4809762239456177
 },
 "pHotspot": {
  "x": 0,
  "y": 0
 },
 "serTex": [
  {
   "__type__": "SerializeData",
   "__typeHash__": 2632036962,
   "dwOffset": 0,
   "dwSizeAndFlags": 94208
  }
 ],
 "ptFrame": [
  {
   "__type__": "TexFrame",
   "__typeHash__": 24231676,
   "hImageHandle": 671472195,
   "flU0": 0.49596771597862244,
   "flV0": 0.49728262424468994,
   "flU1": 0.9798386693000793,
   "flV1": 0.9864130616188049,
   "flTrimU0": 0.49596771597862244,
   "flTrimV0": 0.49728262424468994,
   "flTrimU1": 0.9798386693000793,
   "flTrimV1": 0.9864130616188049
  },
  {
   "__type__": "TexFrame",
   "__typeHash__": 24231676,
   "hImageHandle": 671472196,
   "flU0": 0.004032257944345474,
   "flV0": 0.0027173913549631834,
   "flU1": 0.4879032075405121,
   "flV1": 0.49184784293174744,
   "flTrimU0": 0.004032257944345474,
   "flTrimV0": 0.0027173913549631834,
   "flTrimU1": 0.4879032075405121,
   "flTrimV1": 0.49184784293174744
  },
  {
   "__type__": "TexFrame",
   "__typeHash__": 24231676,
   "hImageHandle": 542950520,
   "flU0": 0.49596771597862244,
   "flV0": 0.0027173913549631834,
   "flU1": 0.9798386693000793,
   "flV1": 0.49184784293174744,
   "flTrimU0": 0.49596771597862244,
   "flTrimV0": 0.0027173913549631834,
   "flTrimU1": 0.9798386693000793,
   "flTrimV1": 0.49184784293174744
  },
  {
   "__type__": "TexFrame",
   "__typeHash__": 24231676,
   "hImageHandle": 1725770937,
   "flU0": 0.004032257944345474,
   "flV0": 0.49728262424468994,
   "flU1": 0.4879032075405121,
   "flV1": 0.9864130616188049,
   "flTrimU0": 0.004032257944345474,
   "flTrimV0": 0.49728262424468994,
   "flTrimU1": 0.4879032075405121,
   "flTrimV1": 0.9864130616188049
  }
 ],
 "ptGCoeffs": [],
 "ptPostprocessed": "0"
}
