{
 "__fileName__": "base/meta/Texture/2DInventory_Bundle_MountAmor_stor196.tex",
 "__snoID__": 1936006,
 "__type__": "TextureDefinition",
 "__typeHash__": 3631735738,
 "eTexFormat": 49,
 "dwVolumeXSlices": 1,
 "dwVolumeYSlices": 1,
 "dwWidth": 248,
 "dwHeight": 184,
 "dwDepth": 1,
 "dwFaceCount": 1,
 "dwMipMapLevelMin": 0,
 "dwMipMapLevelMax": 0,
 "dwImportFlags": 2064,
 "eTextureResourceType": 0,
 "rgbavalAvgColor": {
  "r": 0.048698581755161285,
  "g": 0.05021941661834717,
  "b": 0.0512305349111557,
  "a": 1.3452621698379517
 },
 "pHotspot": {
  "x": 0,
  "y": 0
 },
 "serTex": [
  {
   "__type__": "SerializeData",
   "__typeHash__": 2632036962,
   "dwOffset": 0,
   "dwSizeAndFlags": 47104
  }
 ],
 "ptFrame": [
  {
   "__type__": "TexFrame",
   "__typeHash__": 24231676,
   "hImageHandle": 4256787771,
   "flU0": 0.49596771597862244,
   "flV0": 0.005434782709926367,
   "flU1": 0.9798386693000793,
   "flV1": 0.9836956858634949,
   "flTrimU0": 0.6612902879714966,
   "flTrimV0": 0.04891304299235344,
   "flTrimU1": 0.8266128897666931,
   "flTrimV1": 0.842391312122345
  },
  {
   "__type__": "TexFrame",
   "__typeHash__": 24231676,
   "hImageHandle": 1048258436,
   "flU0": 0.004032257944345474,
   "flV0": 0.005434782709926367,
   "flU1": 0.4879032075405121,
   "flV1": 0.9836956858634949,
   "flTrimU0": 0.004032257944345474,
   "flTrimV0": 0.02717391401529312,
   "flTrimU1": 0.4677419066429138,
   "flTrimV1": 0.9836956858634949
  }
 ],
 "ptGCoeffs": [],
 "ptPostprocessed": "0"
}
