{
 "__fileName__": "base/meta/Texture/2DUI_GamePass.tex",
 "__snoID__": 2081743,
 "__type__": "TextureDefinition",
 "__typeHash__": 3631735738,
 "eTexFormat": 49,
 "dwVolumeXSlices": 1,
 "dwVolumeYSlices": 1,
 "dwWidth": 432,
 "dwHeight": 112,
 "dwDepth": 1,
 "dwFaceCount": 1,
 "dwMipMapLevelMin": 0,
 "dwMipMapLevelMax": 1,
 "dwImportFlags": 67111425,
 "eTextureResourceType": 0,
 "rgbavalAvgColor": {
  "r": 1,
  "g": 1,
  "b": 1,
  "a": 1.2742152214050293
 },
 "pHotspot": {
  "x": 0,
  "y": 0
 },
 "serTex": [
  {
   "__type__": "SerializeData",
   "__typeHash__": 2632036962,
   "dwOffset": 0,
   "dwSizeAndFlags": 50176
  },
  {
   "__type__": "SerializeData",
   "__typeHash__": 2632036962,
   "dwOffset": 50176,
   "dwSizeAndFlags": 14336
  }
 ],
 "ptFrame": [
  {
   "__type__": "TexFrame",
   "__typeHash__": 24231676,
   "hImageHandle": 3064369457,
   "flU0": 0.002314814832061529,
   "flV0": 0.4821428656578064,
   "flU1": 0.6967592835426331,
   "flV1": 0.9464285969734192,
   "flTrimU0": 0.002314814832061529,
   "flTrimV0": 0.4821428656578064,
   "flTrimU1": 0.6967592835426331,
   "flTrimV1": 0.9464285969734192
  },
  {
   "__type__": "TexFrame",
   "__typeHash__": 24231676,
   "hImageHandle": 2407177973,
   "flU0": 0.002314814832061529,
   "flV0": 0.008928571827709675,
   "flU1": 0.9837962985038757,
   "flV1": 0.4642857313156128,
   "flTrimU0": 0.002314814832061529,
   "flTrimV0": 0.008928571827709675,
   "flTrimU1": 0.9837962985038757,
   "flTrimV1": 0.4642857313156128
  }
 ],
 "ptGCoeffs": [],
 "ptPostprocessed": "0"
}
