{
 "__fileName__": "base/meta/Texture/2DUI_Bundle_MountAmor_stor202.tex",
 "__snoID__": 1814169,
 "__type__": "TextureDefinition",
 "__typeHash__": 3631735738,
 "eTexFormat": 49,
 "dwVolumeXSlices": 1,
 "dwVolumeYSlices": 1,
 "dwWidth": 808,
 "dwHeight": 1312,
 "dwDepth": 1,
 "dwFaceCount": 1,
 "dwMipMapLevelMin": 0,
 "dwMipMapLevelMax": 1,
 "dwImportFlags": 67110913,
 "eTextureResourceType": 0,
 "rgbavalAvgColor": {
  "r": 0.2340506911277771,
  "g": 0.20555062592029572,
  "b": 0.17930655181407928,
  "a": 1.8014612197875977
 },
 "pHotspot": {
  "x": 0,
  "y": 0
 },
 "serTex": [
  {
   "__type__": "SerializeData",
   "__typeHash__": 2632036962,
   "dwOffset": 0,
   "dwSizeAndFlags": 1091584
  },
  {
   "__type__": "SerializeData",
   "__typeHash__": 2632036962,
   "dwOffset": 1091584,
   "dwSizeAndFlags": 293888
  }
 ],
 "ptFrame": [
  {
   "__type__": "TexFrame",
   "__typeHash__": 24231676,
   "hImageHandle": 2559923196,
   "flU0": 0.0012376237427815795,
   "flV0": 0.0007621950935572386,
   "flU1": 0.993811845779419,
   "flV1": 0.9946646094322205,
   "flTrimU0": 0.0012376237427815795,
   "flTrimV0": 0.0007621950935572386,
   "flTrimU1": 0.993811845779419,
   "flTrimV1": 0.9946646094322205
  }
 ],
 "ptGCoeffs": [],
 "ptPostprocessed": "0"
}
