{
 "__fileName__": "base/meta/Texture/2DUIMinimapAttackPingIcon.tex",
 "__snoID__": 1935334,
 "__type__": "TextureDefinition",
 "__typeHash__": 3631735738,
 "eTexFormat": 49,
 "dwVolumeXSlices": 1,
 "dwVolumeYSlices": 1,
 "dwWidth": 104,
 "dwHeight": 104,
 "dwDepth": 1,
 "dwFaceCount": 1,
 "dwMipMapLevelMin": 0,
 "dwMipMapLevelMax": 0,
 "dwImportFlags": 2576,
 "eTextureResourceType": 0,
 "rgbavalAvgColor": {
  "r": 0.09959997981786728,
  "g": 0,
  "b": 0.09959997981786728,
  "a": 1.0876046419143677
 },
 "pHotspot": {
  "x": 0,
  "y": 0
 },
 "serTex": [
  {
   "__type__": "SerializeData",
   "__typeHash__": 2632036962,
   "dwOffset": 0,
   "dwSizeAndFlags": 13312
  }
 ],
 "ptFrame": [
  {
   "__type__": "TexFrame",
   "__typeHash__": 24231676,
   "hImageHandle": 1961418662,
   "flU0": 0.009615384973585606,
   "flV0": 0.009615384973585606,
   "flU1": 0.9711538553237915,
   "flV1": 0.9711538553237915,
   "flTrimU0": 0.23076924681663513,
   "flTrimV0": 0.11538462340831757,
   "flTrimU1": 0.75,
   "flTrimV1": 0.8653846383094788
  }
 ],
 "ptGCoeffs": [],
 "ptPostprocessed": "0"
}
