{
 "__fileName__": "base/meta/Texture/2DUI_BP_S05_Portal_Icons.tex",
 "__snoID__": 2089528,
 "__type__": "TextureDefinition",
 "__typeHash__": 3631735738,
 "eTexFormat": 46,
 "dwVolumeXSlices": 1,
 "dwVolumeYSlices": 1,
 "dwWidth": 760,
 "dwHeight": 256,
 "dwDepth": 1,
 "dwFaceCount": 1,
 "dwMipMapLevelMin": 0,
 "dwMipMapLevelMax": 1,
 "dwImportFlags": 67110913,
 "eTextureResourceType": 0,
 "rgbavalAvgColor": {
  "r": 0.10902689397335052,
  "g": 0.0434209480881691,
  "b": 0.019326278939843178,
  "a": 2
 },
 "pHotspot": {
  "x": 0,
  "y": 0
 },
 "serTex": [
  {
   "__type__": "SerializeData",
   "__typeHash__": 2632036962,
   "dwOffset": 0,
   "dwSizeAndFlags": 98304
  },
  {
   "__type__": "SerializeData",
   "__typeHash__": 2632036962,
   "dwOffset": 98304,
   "dwSizeAndFlags": 24576
  }
 ],
 "ptFrame": [
  {
   "__type__": "TexFrame",
   "__typeHash__": 24231676,
   "hImageHandle": 526063132,
   "flU0": 0.6671053171157837,
   "flV0": 0.00390625,
   "flU1": 0.9973684549331665,
   "flV1": 0.984375,
   "flTrimU0": 0.6671053171157837,
   "flTrimV0": 0.00390625,
   "flTrimU1": 0.9973684549331665,
   "flTrimV1": 0.984375
  },
  {
   "__type__": "TexFrame",
   "__typeHash__": 24231676,
   "hImageHandle": 526063133,
   "flU0": 0.0013157895300537348,
   "flV0": 0.00390625,
   "flU1": 0.33157896995544434,
   "flV1": 0.984375,
   "flTrimU0": 0.0013157895300537348,
   "flTrimV0": 0.00390625,
   "flTrimU1": 0.33157896995544434,
   "flTrimV1": 0.984375
  },
  {
   "__type__": "TexFrame",
   "__typeHash__": 24231676,
   "hImageHandle": 526063131,
   "flU0": 0.3342105448246002,
   "flV0": 0.00390625,
   "flU1": 0.6644737124443054,
   "flV1": 0.984375,
   "flTrimU0": 0.3342105448246002,
   "flTrimV0": 0.00390625,
   "flTrimU1": 0.6644737124443054,
   "flTrimV1": 0.984375
  }
 ],
 "ptGCoeffs": [],
 "ptPostprocessed": "0"
}
