{
 "__fileName__": "base/meta/Texture/2DUI_Mercenary_Party.tex",
 "__snoID__": 2026502,
 "__type__": "TextureDefinition",
 "__typeHash__": 3631735738,
 "eTexFormat": 49,
 "dwVolumeXSlices": 1,
 "dwVolumeYSlices": 1,
 "dwWidth": 128,
 "dwHeight": 256,
 "dwDepth": 1,
 "dwFaceCount": 1,
 "dwMipMapLevelMin": 0,
 "dwMipMapLevelMax": 1,
 "dwImportFlags": 67111425,
 "eTextureResourceType": 0,
 "rgbavalAvgColor": {
  "r": 0.18387366831302643,
  "g": 0.23332452774047852,
  "b": 0.19607263803482056,
  "a": 1.5632548332214355
 },
 "pHotspot": {
  "x": 0,
  "y": 0
 },
 "serTex": [
  {
   "__type__": "SerializeData",
   "__typeHash__": 2632036962,
   "dwOffset": 0,
   "dwSizeAndFlags": 32768
  },
  {
   "__type__": "SerializeData",
   "__typeHash__": 2632036962,
   "dwOffset": 32768,
   "dwSizeAndFlags": 8192
  }
 ],
 "ptFrame": [
  {
   "__type__": "TexFrame",
   "__typeHash__": 24231676,
   "hImageHandle": 1454945766,
   "flU0": 0.0078125,
   "flV0": 0.66015625,
   "flU1": 0.6328125,
   "flV1": 0.97265625,
   "flTrimU0": 0.0078125,
   "flTrimV0": 0.66015625,
   "flTrimU1": 0.6328125,
   "flTrimV1": 0.97265625
  },
  {
   "__type__": "TexFrame",
   "__typeHash__": 24231676,
   "hImageHandle": 2794930241,
   "flU0": 0.0078125,
   "flV0": 0.33984375,
   "flU1": 0.6328125,
   "flV1": 0.65234375,
   "flTrimU0": 0.0078125,
   "flTrimV0": 0.33984375,
   "flTrimU1": 0.6328125,
   "flTrimV1": 0.65234375
  },
  {
   "__type__": "TexFrame",
   "__typeHash__": 24231676,
   "hImageHandle": 275695835,
   "flU0": 0.0078125,
   "flV0": 0.00390625,
   "flU1": 0.6640625,
   "flV1": 0.33203125,
   "flTrimU0": 0.0078125,
   "flTrimV0": 0.00390625,
   "flTrimU1": 0.0078125,
   "flTrimV1": 0.00390625
  }
 ],
 "ptGCoeffs": [],
 "ptPostprocessed": "0"
}
