{
 "__fileName__": "base/meta/Texture/2DUI_X1_FrontEndSplash_Kyovashad.tex",
 "__snoID__": 2026062,
 "__type__": "TextureDefinition",
 "__typeHash__": 3631735738,
 "eTexFormat": 49,
 "dwVolumeXSlices": 1,
 "dwVolumeYSlices": 1,
 "dwWidth": 6840,
 "dwHeight": 1920,
 "dwDepth": 1,
 "dwFaceCount": 1,
 "dwMipMapLevelMin": 0,
 "dwMipMapLevelMax": 1,
 "dwImportFlags": 67111425,
 "eTextureResourceType": 0,
 "rgbavalAvgColor": {
  "r": 0.12380144000053406,
  "g": 0.16545456647872925,
  "b": 0.1951647698879242,
  "a": 1.7045271396636963
 },
 "pHotspot": {
  "x": 0,
  "y": 0
 },
 "serTex": [
  {
   "__type__": "SerializeData",
   "__typeHash__": 2632036962,
   "dwOffset": 0,
   "dwSizeAndFlags": 13148160
  },
  {
   "__type__": "SerializeData",
   "__typeHash__": 2632036962,
   "dwOffset": 13148160,
   "dwSizeAndFlags": 3317760
  }
 ],
 "ptFrame": [
  {
   "__type__": "TexFrame",
   "__typeHash__": 24231676,
   "hImageHandle": 3424666390,
   "flU0": 0.00014619882858823985,
   "flV0": 0.5458333492279053,
   "flU1": 0.6668128371238708,
   "flV1": 0.99895840883255,
   "flTrimU0": 0.049707602709531784,
   "flTrimV0": 0.5458333492279053,
   "flTrimU1": 0.6668128371238708,
   "flTrimV1": 0.99895840883255
  },
  {
   "__type__": "TexFrame",
   "__typeHash__": 24231676,
   "hImageHandle": 1686523364,
   "flU0": 0.6671052575111389,
   "flV0": 0.0005208333604969084,
   "flU1": 0.9997075796127319,
   "flV1": 0.5119792222976685,
   "flTrimU0": 0.6671052575111389,
   "flTrimV0": 0.0005208333604969084,
   "flTrimU1": 0.9997075796127319,
   "flTrimV1": 0.5119792222976685
  },
  {
   "__type__": "TexFrame",
   "__typeHash__": 24231676,
   "hImageHandle": 1395246043,
   "flU0": 0.00014619882858823985,
   "flV0": 0.0005208333604969084,
   "flU1": 0.6668128371238708,
   "flV1": 0.5447916984558105,
   "flTrimU0": 0.08596491068601608,
   "flTrimV0": 0.0005208333604969084,
   "flTrimU1": 0.5349414944648743,
   "flTrimV1": 0.5447916984558105
  }
 ],
 "ptGCoeffs": [],
 "ptPostprocessed": "0"
}
