{
 "__fileName__": "base/meta/Texture/2DUI_Merc_BerserkerCrone_Massacre.tex",
 "__snoID__": 2043199,
 "__type__": "TextureDefinition",
 "__typeHash__": 3631735738,
 "eTexFormat": 49,
 "dwVolumeXSlices": 1,
 "dwVolumeYSlices": 1,
 "dwWidth": 256,
 "dwHeight": 256,
 "dwDepth": 1,
 "dwFaceCount": 1,
 "dwMipMapLevelMin": 0,
 "dwMipMapLevelMax": 1,
 "dwImportFlags": 67110913,
 "eTextureResourceType": 0,
 "rgbavalAvgColor": {
  "r": 0.1297503113746643,
  "g": 0.10546864569187164,
  "b": 0.08440172672271729,
  "a": 1.4455610513687134
 },
 "pHotspot": {
  "x": 0,
  "y": 0
 },
 "serTex": [
  {
   "__type__": "SerializeData",
   "__typeHash__": 2632036962,
   "dwOffset": 0,
   "dwSizeAndFlags": 65536
  },
  {
   "__type__": "SerializeData",
   "__typeHash__": 2632036962,
   "dwOffset": 65536,
   "dwSizeAndFlags": 16384
  }
 ],
 "ptFrame": [
  {
   "__type__": "TexFrame",
   "__typeHash__": 24231676,
   "hImageHandle": 31576505,
   "flU0": 0.00390625,
   "flV0": 0.00390625,
   "flU1": 0.75390625,
   "flV1": 0.34765625,
   "flTrimU0": 0.00390625,
   "flTrimV0": 0.00390625,
   "flTrimU1": 0.00390625,
   "flTrimV1": 0.00390625
  },
  {
   "__type__": "TexFrame",
   "__typeHash__": 24231676,
   "hImageHandle": 2841176343,
   "flU0": 0.00390625,
   "flV0": 0.35546875,
   "flU1": 0.62890625,
   "flV1": 0.98046875,
   "flTrimU0": 0.12109375,
   "flTrimV0": 0.38671875,
   "flTrimU1": 0.4921875,
   "flTrimV1": 0.9453125
  }
 ],
 "ptGCoeffs": [],
 "ptPostprocessed": "0"
}
