{
 "__fileName__": "base/meta/Texture/2DUI_whiteCircle_02.tex",
 "__snoID__": 1245760,
 "__type__": "TextureDefinition",
 "__typeHash__": 3631735738,
 "eTexFormat": 49,
 "dwVolumeXSlices": 1,
 "dwVolumeYSlices": 1,
 "dwWidth": 56,
 "dwHeight": 56,
 "dwDepth": 1,
 "dwFaceCount": 1,
 "dwMipMapLevelMin": 0,
 "dwMipMapLevelMax": 0,
 "dwImportFlags": 10768,
 "eTextureResourceType": 0,
 "rgbavalAvgColor": {
  "r": 1,
  "g": 1,
  "b": 1,
  "a": 1.6932470798492432
 },
 "pHotspot": {
  "x": 0,
  "y": 0
 },
 "serTex": [
  {
   "__type__": "SerializeData",
   "__typeHash__": 2632036962,
   "dwOffset": 0,
   "dwSizeAndFlags": 3584
  }
 ],
 "ptFrame": [
  {
   "__type__": "TexFrame",
   "__typeHash__": 24231676,
   "hImageHandle": 356064596,
   "flU0": 0.01785714365541935,
   "flV0": 0.01785714365541935,
   "flU1": 0.910714328289032,
   "flV1": 0.910714328289032,
   "flTrimU0": 0.01785714365541935,
   "flTrimV0": 0.01785714365541935,
   "flTrimU1": 0.910714328289032,
   "flTrimV1": 0.910714328289032
  }
 ],
 "ptGCoeffs": [],
 "ptPostprocessed": "0"
}
