{
 "__fileName__": "base/meta/Texture/2DUI_Effects.tex",
 "__snoID__": 307733,
 "__type__": "TextureDefinition",
 "__typeHash__": 3631735738,
 "eTexFormat": 49,
 "dwVolumeXSlices": 1,
 "dwVolumeYSlices": 1,
 "dwWidth": 208,
 "dwHeight": 304,
 "dwDepth": 1,
 "dwFaceCount": 1,
 "dwMipMapLevelMin": 0,
 "dwMipMapLevelMax": 1,
 "dwImportFlags": 67110913,
 "eTextureResourceType": 0,
 "rgbavalAvgColor": {
  "r": 0.9513275623321533,
  "g": 0.6853377819061279,
  "b": 0.5465933084487915,
  "a": 1.1805866956710815
 },
 "pHotspot": {
  "x": 0,
  "y": 0
 },
 "serTex": [
  {
   "__type__": "SerializeData",
   "__typeHash__": 2632036962,
   "dwOffset": 0,
   "dwSizeAndFlags": 77824
  },
  {
   "__type__": "SerializeData",
   "__typeHash__": 2632036962,
   "dwOffset": 77824,
   "dwSizeAndFlags": 19456
  }
 ],
 "ptFrame": [
  {
   "__type__": "TexFrame",
   "__typeHash__": 24231676,
   "hImageHandle": 384897665,
   "flU0": 0.004807692486792803,
   "flV0": 0.6677631735801697,
   "flU1": 0.48557692766189575,
   "flV1": 0.9967105388641357,
   "flTrimU0": 0.004807692486792803,
   "flTrimV0": 0.6677631735801697,
   "flTrimU1": 0.48557692766189575,
   "flTrimV1": 0.9967105388641357
  },
  {
   "__type__": "TexFrame",
   "__typeHash__": 24231676,
   "hImageHandle": 4100684606,
   "flU0": 0.004807692486792803,
   "flV0": 0.003289473708719015,
   "flU1": 0.9663462042808533,
   "flV1": 0.6611841917037964,
   "flTrimU0": 0.004807692486792803,
   "flTrimV0": 0.003289473708719015,
   "flTrimU1": 0.9663462042808533,
   "flTrimV1": 0.6611841917037964
  }
 ],
 "ptGCoeffs": [],
 "ptPostprocessed": "0"
}
