{
 "__fileName__": "base/meta/Texture/2DUIMinimapWarningPingIcon.tex",
 "__snoID__": 1935335,
 "__type__": "TextureDefinition",
 "__typeHash__": 3631735738,
 "eTexFormat": 49,
 "dwVolumeXSlices": 1,
 "dwVolumeYSlices": 1,
 "dwWidth": 104,
 "dwHeight": 104,
 "dwDepth": 1,
 "dwFaceCount": 1,
 "dwMipMapLevelMin": 0,
 "dwMipMapLevelMax": 0,
 "dwImportFlags": 2576,
 "eTextureResourceType": 0,
 "rgbavalAvgColor": {
  "r": 0.25669997930526733,
  "g": 0,
  "b": 0.25669997930526733,
  "a": 1.2411807775497437
 },
 "pHotspot": {
  "x": 0,
  "y": 0
 },
 "serTex": [
  {
   "__type__": "SerializeData",
   "__typeHash__": 2632036962,
   "dwOffset": 0,
   "dwSizeAndFlags": 13312
  }
 ],
 "ptFrame": [
  {
   "__type__": "TexFrame",
   "__typeHash__": 24231676,
   "hImageHandle": 2199327556,
   "flU0": 0.009615384973585606,
   "flV0": 0.009615384973585606,
   "flU1": 0.9711538553237915,
   "flV1": 0.9711538553237915,
   "flTrimU0": 0.125,
   "flTrimV0": 0.1538461595773697,
   "flTrimU1": 0.8557692766189575,
   "flTrimV1": 0.826923131942749
  }
 ],
 "ptGCoeffs": [],
 "ptPostprocessed": "0"
}
