{
 "__fileName__": "base/meta/Texture/2DUI_Seasons_06.tex",
 "__snoID__": 2110512,
 "__type__": "TextureDefinition",
 "__typeHash__": 3631735738,
 "eTexFormat": 46,
 "dwVolumeXSlices": 1,
 "dwVolumeYSlices": 1,
 "dwWidth": 5704,
 "dwHeight": 2168,
 "dwDepth": 1,
 "dwFaceCount": 1,
 "dwMipMapLevelMin": 0,
 "dwMipMapLevelMax": 1,
 "dwImportFlags": 67111425,
 "eTextureResourceType": 0,
 "rgbavalAvgColor": {
  "r": 0.09514972567558289,
  "g": 0.06333400309085846,
  "b": 0.057312581688165665,
  "a": 2
 },
 "pHotspot": {
  "x": 0,
  "y": 0
 },
 "serTex": [
  {
   "__type__": "SerializeData",
   "__typeHash__": 2632036962,
   "dwOffset": 0,
   "dwSizeAndFlags": 6243840
  },
  {
   "__type__": "SerializeData",
   "__typeHash__": 2632036962,
   "dwOffset": 6243840,
   "dwSizeAndFlags": 1595648
  }
 ],
 "ptFrame": [
  {
   "__type__": "TexFrame",
   "__typeHash__": 24231676,
   "hImageHandle": 391836572,
   "flU0": 0.00017531556659378111,
   "flV0": 0.0004612546181306243,
   "flU1": 0.8977910280227661,
   "flV1": 0.9967712163925171,
   "flTrimU0": 0.00017531556659378111,
   "flTrimV0": 0.0004612546181306243,
   "flTrimU1": 0.8977910280227661,
   "flTrimV1": 0.9967712163925171
  },
  {
   "__type__": "TexFrame",
   "__typeHash__": 24231676,
   "hImageHandle": 3022914979,
   "flU0": 0.898141622543335,
   "flV0": 0.0004612546181306243,
   "flU1": 0.9989480972290039,
   "flV1": 0.40129151940345764,
   "flTrimU0": 0.898141622543335,
   "flTrimV0": 0.0004612546181306243,
   "flTrimU1": 0.9989480972290039,
   "flTrimV1": 0.40129151940345764
  }
 ],
 "ptGCoeffs": [],
 "ptPostprocessed": "0"
}
