{
 "__fileName__": "base/meta/Texture/2DUI_WorldTier_Torment5.tex",
 "__snoID__": 2042552,
 "__type__": "TextureDefinition",
 "__typeHash__": 3631735738,
 "eTexFormat": 46,
 "dwVolumeXSlices": 1,
 "dwVolumeYSlices": 1,
 "dwWidth": 3328,
 "dwHeight": 1728,
 "dwDepth": 1,
 "dwFaceCount": 1,
 "dwMipMapLevelMin": 0,
 "dwMipMapLevelMax": 1,
 "dwImportFlags": 67110913,
 "eTextureResourceType": 0,
 "rgbavalAvgColor": {
  "r": 0.024572137743234634,
  "g": 0.00345647893846035,
  "b": 0.002445503370836377,
  "a": 1.9999998807907104
 },
 "pHotspot": {
  "x": 0,
  "y": 0
 },
 "serTex": [
  {
   "__type__": "SerializeData",
   "__typeHash__": 2632036962,
   "dwOffset": 0,
   "dwSizeAndFlags": 2875392
  },
  {
   "__type__": "SerializeData",
   "__typeHash__": 2632036962,
   "dwOffset": 2875392,
   "dwSizeAndFlags": 718848
  }
 ],
 "ptFrame": [
  {
   "__type__": "TexFrame",
   "__typeHash__": 24231676,
   "hImageHandle": 50932221,
   "flU0": 0.0003004807804245502,
   "flV0": 0.0005787037080153823,
   "flU1": 0.9876803159713745,
   "flV1": 0.9733796119689941,
   "flTrimU0": 0.0003004807804245502,
   "flTrimV0": 0.0005787037080153823,
   "flTrimU1": 0.9876803159713745,
   "flTrimV1": 0.9733796119689941
  }
 ],
 "ptGCoeffs": [],
 "ptPostprocessed": "0"
}
