{
 "__fileName__": "base/meta/Texture/2DUI_GameMenu_Non-Alpha.tex",
 "__snoID__": 2045500,
 "__type__": "TextureDefinition",
 "__typeHash__": 3631735738,
 "eTexFormat": 47,
 "dwVolumeXSlices": 1,
 "dwVolumeYSlices": 1,
 "dwWidth": 1936,
 "dwHeight": 1888,
 "dwDepth": 1,
 "dwFaceCount": 1,
 "dwMipMapLevelMin": 0,
 "dwMipMapLevelMax": 1,
 "dwImportFlags": 67111425,
 "eTextureResourceType": 0,
 "rgbavalAvgColor": {
  "r": 0.001460797619074583,
  "g": 0.0017316874582320452,
  "b": 0.0015095375711098313,
  "a": 2
 },
 "pHotspot": {
  "x": 0,
  "y": 0
 },
 "serTex": [
  {
   "__type__": "SerializeData",
   "__typeHash__": 2632036962,
   "dwOffset": 0,
   "dwSizeAndFlags": 1933312
  },
  {
   "__type__": "SerializeData",
   "__typeHash__": 2632036962,
   "dwOffset": 1933312,
   "dwSizeAndFlags": 483328
  }
 ],
 "ptFrame": [
  {
   "__type__": "TexFrame",
   "__typeHash__": 24231676,
   "hImageHandle": 3212464206,
   "flU0": 0.4999999701976776,
   "flV0": 0.0005296610179357231,
   "flU1": 0.9984503984451294,
   "flV1": 0.9973517060279846,
   "flTrimU0": 0.4999999701976776,
   "flTrimV0": 0.0005296610179357231,
   "flTrimU1": 0.9984503984451294,
   "flTrimV1": 0.9973517060279846
  },
  {
   "__type__": "TexFrame",
   "__typeHash__": 24231676,
   "hImageHandle": 1939959958,
   "flU0": 0.0005165289039723575,
   "flV0": 0.0005296610179357231,
   "flU1": 0.49896693229675293,
   "flV1": 0.9973517060279846,
   "flTrimU0": 0.0005165289039723575,
   "flTrimV0": 0.0005296610179357231,
   "flTrimU1": 0.49896693229675293,
   "flTrimV1": 0.9973517060279846
  }
 ],
 "ptGCoeffs": [],
 "ptPostprocessed": "0"
}
