{
 "__fileName__": "base/meta/Texture/2DUI_Bundle_HMount_cat_stor009_WebImage.tex",
 "__snoID__": 2054532,
 "__type__": "TextureDefinition",
 "__typeHash__": 3631735738,
 "eTexFormat": 46,
 "dwVolumeXSlices": 1,
 "dwVolumeYSlices": 1,
 "dwWidth": 2568,
 "dwHeight": 1088,
 "dwDepth": 1,
 "dwFaceCount": 1,
 "dwMipMapLevelMin": 0,
 "dwMipMapLevelMax": 1,
 "dwImportFlags": 67110913,
 "eTextureResourceType": 0,
 "rgbavalAvgColor": {
  "r": 0.02824985235929489,
  "g": 0.036332905292510986,
  "b": 0.04639270156621933,
  "a": 2
 },
 "pHotspot": {
  "x": 0,
  "y": 0
 },
 "serTex": [
  {
   "__type__": "SerializeData",
   "__typeHash__": 2632036962,
   "dwOffset": 0,
   "dwSizeAndFlags": 1462272
  },
  {
   "__type__": "SerializeData",
   "__typeHash__": 2632036962,
   "dwOffset": 1462272,
   "dwSizeAndFlags": 382976
  }
 ],
 "ptFrame": [
  {
   "__type__": "TexFrame",
   "__typeHash__": 24231676,
   "hImageHandle": 1185301771,
   "flU0": 0.0003894080873578787,
   "flV0": 0.0009191176504828036,
   "flU1": 0.9972741007804871,
   "flV1": 0.9935661554336548,
   "flTrimU0": 0.0003894080873578787,
   "flTrimV0": 0.0009191176504828036,
   "flTrimU1": 0.9972741007804871,
   "flTrimV1": 0.9935661554336548
  }
 ],
 "ptGCoeffs": [],
 "ptPostprocessed": "0"
}
