{
 "__fileName__": "base/meta/Texture/2DUI_Tutorial_Torment_Unlock.tex",
 "__snoID__": 2024824,
 "__type__": "TextureDefinition",
 "__typeHash__": 3631735738,
 "eTexFormat": 46,
 "dwVolumeXSlices": 1,
 "dwVolumeYSlices": 1,
 "dwWidth": 448,
 "dwHeight": 832,
 "dwDepth": 1,
 "dwFaceCount": 1,
 "dwMipMapLevelMin": 0,
 "dwMipMapLevelMax": 1,
 "dwImportFlags": 67108865,
 "eTextureResourceType": 0,
 "rgbavalAvgColor": {
  "r": 0.10023032128810883,
  "g": 0.06712622195482254,
  "b": 0.045917145907878876,
  "a": 2
 },
 "pHotspot": {
  "x": 0,
  "y": 0
 },
 "serTex": [
  {
   "__type__": "SerializeData",
   "__typeHash__": 2632036962,
   "dwOffset": 0,
   "dwSizeAndFlags": 212992
  },
  {
   "__type__": "SerializeData",
   "__typeHash__": 2632036962,
   "dwOffset": 212992,
   "dwSizeAndFlags": 53248
  }
 ],
 "ptFrame": [
  {
   "__type__": "TexFrame",
   "__typeHash__": 24231676,
   "hImageHandle": 538622917,
   "flU0": 0,
   "flV0": 0,
   "flU1": 0.8928571939468384,
   "flV1": 0.48076924681663513,
   "flTrimU0": 0,
   "flTrimV0": 0,
   "flTrimU1": 0.8928571939468384,
   "flTrimV1": 0.48076924681663513
  },
  {
   "__type__": "TexFrame",
   "__typeHash__": 24231676,
   "hImageHandle": 538622918,
   "flU0": 0,
   "flV0": 0.48076924681663513,
   "flU1": 0.8928571939468384,
   "flV1": 0.9615384936332703,
   "flTrimU0": 0,
   "flTrimV0": 0.48076924681663513,
   "flTrimU1": 0.8928571939468384,
   "flTrimV1": 0.9615384936332703
  }
 ],
 "ptGCoeffs": [],
 "ptPostprocessed": "0"
}
