{
 "__fileName__": "base/meta/Texture/2DUI_ReinforcementsMercenary_nonAlpha.tex",
 "__snoID__": 1874914,
 "__type__": "TextureDefinition",
 "__typeHash__": 3631735738,
 "eTexFormat": 49,
 "dwVolumeXSlices": 1,
 "dwVolumeYSlices": 1,
 "dwWidth": 1408,
 "dwHeight": 1280,
 "dwDepth": 1,
 "dwFaceCount": 1,
 "dwMipMapLevelMin": 0,
 "dwMipMapLevelMax": 1,
 "dwImportFlags": 67111937,
 "eTextureResourceType": 0,
 "rgbavalAvgColor": {
  "r": 0.014508665539324284,
  "g": 0.015152118168771267,
  "b": 0.015118006616830826,
  "a": 1.982460856437683
 },
 "pHotspot": {
  "x": 0,
  "y": 0
 },
 "serTex": [
  {
   "__type__": "SerializeData",
   "__typeHash__": 2632036962,
   "dwOffset": 0,
   "dwSizeAndFlags": 1802240
  },
  {
   "__type__": "SerializeData",
   "__typeHash__": 2632036962,
   "dwOffset": 1802240,
   "dwSizeAndFlags": 450560
  }
 ],
 "ptFrame": [
  {
   "__type__": "TexFrame",
   "__typeHash__": 24231676,
   "hImageHandle": 3238549384,
   "flU0": 0.0007102272938936949,
   "flV0": 0.0007812500116415322,
   "flU1": 0.9580966234207153,
   "flV1": 0.4007812440395355,
   "flTrimU0": 0.0021306818816810846,
   "flTrimV0": 0.0023437500931322575,
   "flTrimU1": 0.956676185131073,
   "flTrimV1": 0.39921876788139343
  },
  {
   "__type__": "TexFrame",
   "__typeHash__": 24231676,
   "hImageHandle": 841854879,
   "flU0": 0.0007102272938936949,
   "flV0": 0.40234375,
   "flU1": 0.8529829978942871,
   "flV1": 0.96484375,
   "flTrimU0": 0.0007102272938936949,
   "flTrimV0": 0.40234375,
   "flTrimU1": 0.8529829978942871,
   "flTrimV1": 0.96484375
  }
 ],
 "ptGCoeffs": [],
 "ptPostprocessed": "0"
}
