{
 "__fileName__": "base/meta/Texture/2DUI_SignAssets_CavePaintings.tex",
 "__snoID__": 1895679,
 "__type__": "TextureDefinition",
 "__typeHash__": 3631735738,
 "eTexFormat": 46,
 "dwVolumeXSlices": 1,
 "dwVolumeYSlices": 1,
 "dwWidth": 896,
 "dwHeight": 448,
 "dwDepth": 1,
 "dwFaceCount": 1,
 "dwMipMapLevelMin": 0,
 "dwMipMapLevelMax": 1,
 "dwImportFlags": 67108865,
 "eTextureResourceType": 0,
 "rgbavalAvgColor": {
  "r": 0.10127373784780502,
  "g": 0.05006160959601402,
  "b": 0.030994970351457596,
  "a": 2
 },
 "pHotspot": {
  "x": 0,
  "y": 0
 },
 "serTex": [
  {
   "__type__": "SerializeData",
   "__typeHash__": 2632036962,
   "dwOffset": 0,
   "dwSizeAndFlags": 200704
  },
  {
   "__type__": "SerializeData",
   "__typeHash__": 2632036962,
   "dwOffset": 200704,
   "dwSizeAndFlags": 57344
  }
 ],
 "ptFrame": [
  {
   "__type__": "TexFrame",
   "__typeHash__": 24231676,
   "hImageHandle": 4181314249,
   "flU0": 0,
   "flV0": 0,
   "flU1": 0.4843750298023224,
   "flV1": 0.8593750596046448,
   "flTrimU0": 0,
   "flTrimV0": 0,
   "flTrimU1": 0.4843750298023224,
   "flTrimV1": 0.8593750596046448
  },
  {
   "__type__": "TexFrame",
   "__typeHash__": 24231676,
   "hImageHandle": 4181314250,
   "flU0": 0.4843750298023224,
   "flV0": 0,
   "flU1": 0.9720982313156128,
   "flV1": 0.8593750596046448,
   "flTrimU0": 0.4843750298023224,
   "flTrimV0": 0,
   "flTrimU1": 0.9720982313156128,
   "flTrimV1": 0.8593750596046448
  }
 ],
 "ptGCoeffs": [],
 "ptPostprocessed": "0"
}
