{
 "__fileName__": "base/meta/Texture/2DUI_CutsceneAddOns.tex",
 "__snoID__": 1731588,
 "__type__": "TextureDefinition",
 "__typeHash__": 3631735738,
 "eTexFormat": 49,
 "dwVolumeXSlices": 1,
 "dwVolumeYSlices": 1,
 "dwWidth": 64,
 "dwHeight": 128,
 "dwDepth": 1,
 "dwFaceCount": 1,
 "dwMipMapLevelMin": 0,
 "dwMipMapLevelMax": 0,
 "dwImportFlags": 2576,
 "eTextureResourceType": 0,
 "rgbavalAvgColor": {
  "r": 0.010992871597409248,
  "g": 0.03205973654985428,
  "b": 0.013146787881851196,
  "a": 1.6062308549880981
 },
 "pHotspot": {
  "x": 0,
  "y": 0
 },
 "serTex": [
  {
   "__type__": "SerializeData",
   "__typeHash__": 2632036962,
   "dwOffset": 0,
   "dwSizeAndFlags": 8192
  }
 ],
 "ptFrame": [
  {
   "__type__": "TexFrame",
   "__typeHash__": 24231676,
   "hImageHandle": 2746114344,
   "flU0": 0.015625,
   "flV0": 0.25,
   "flU1": 0.515625,
   "flV1": 0.5,
   "flTrimU0": 0.09375,
   "flTrimV0": 0.2890625,
   "flTrimU1": 0.453125,
   "flTrimV1": 0.4609375
  },
  {
   "__type__": "TexFrame",
   "__typeHash__": 24231676,
   "hImageHandle": 1819952145,
   "flU0": 0.015625,
   "flV0": 0.0078125,
   "flU1": 0.875,
   "flV1": 0.234375,
   "flTrimU0": 0.015625,
   "flTrimV0": 0.0078125,
   "flTrimU1": 0.875,
   "flTrimV1": 0.234375
  }
 ],
 "ptGCoeffs": [],
 "ptPostprocessed": "0"
}
