{
 "__fileName__": "base/meta/Texture/2DUI_Buttons_X1.tex",
 "__snoID__": 2111168,
 "__type__": "TextureDefinition",
 "__typeHash__": 3631735738,
 "eTexFormat": 49,
 "dwVolumeXSlices": 1,
 "dwVolumeYSlices": 1,
 "dwWidth": 960,
 "dwHeight": 192,
 "dwDepth": 1,
 "dwFaceCount": 1,
 "dwMipMapLevelMin": 0,
 "dwMipMapLevelMax": 1,
 "dwImportFlags": 67111425,
 "eTextureResourceType": 0,
 "rgbavalAvgColor": {
  "r": 0.1173495352268219,
  "g": 0.21067559719085693,
  "b": 0.13140586018562317,
  "a": 1.5048916339874268
 },
 "pHotspot": {
  "x": 0,
  "y": 0
 },
 "serTex": [
  {
   "__type__": "SerializeData",
   "__typeHash__": 2632036962,
   "dwOffset": 0,
   "dwSizeAndFlags": 184320
  },
  {
   "__type__": "SerializeData",
   "__typeHash__": 2632036962,
   "dwOffset": 184320,
   "dwSizeAndFlags": 49152
  }
 ],
 "ptFrame": [
  {
   "__type__": "TexFrame",
   "__typeHash__": 24231676,
   "hImageHandle": 3427986858,
   "flU0": 0.0010416667209938169,
   "flV0": 0.0052083334885537624,
   "flU1": 0.9427083730697632,
   "flV1": 0.96875,
   "flTrimU0": 0.0010416667209938169,
   "flTrimV0": 0.0052083334885537624,
   "flTrimU1": 0.9427083730697632,
   "flTrimV1": 0.96875
  }
 ],
 "ptGCoeffs": [],
 "ptPostprocessed": "0"
}
