{
 "__fileName__": "base/meta/Texture/2DUIMinimapAssistPingIcon.tex",
 "__snoID__": 1935329,
 "__type__": "TextureDefinition",
 "__typeHash__": 3631735738,
 "eTexFormat": 49,
 "dwVolumeXSlices": 1,
 "dwVolumeYSlices": 1,
 "dwWidth": 104,
 "dwHeight": 104,
 "dwDepth": 1,
 "dwFaceCount": 1,
 "dwMipMapLevelMin": 0,
 "dwMipMapLevelMax": 0,
 "dwImportFlags": 2576,
 "eTextureResourceType": 0,
 "rgbavalAvgColor": {
  "r": 0.19438216090202332,
  "g": 0.007758527994155884,
  "b": 0.19438216090202332,
  "a": 1.183462381362915
 },
 "pHotspot": {
  "x": 0,
  "y": 0
 },
 "serTex": [
  {
   "__type__": "SerializeData",
   "__typeHash__": 2632036962,
   "dwOffset": 0,
   "dwSizeAndFlags": 13312
  }
 ],
 "ptFrame": [
  {
   "__type__": "TexFrame",
   "__typeHash__": 24231676,
   "hImageHandle": 1960206053,
   "flU0": 0.009615384973585606,
   "flV0": 0.009615384973585606,
   "flU1": 0.9711538553237915,
   "flV1": 0.9711538553237915,
   "flTrimU0": 0.20192308723926544,
   "flTrimV0": 0.14423076808452606,
   "flTrimU1": 0.826923131942749,
   "flTrimV1": 0.884615421295166
  }
 ],
 "ptGCoeffs": [],
 "ptPostprocessed": "0"
}
