{
 "__fileName__": "base/meta/Texture/2DUI_BP_S06_Portal_Icons_stor.tex",
 "__snoID__": 2089835,
 "__type__": "TextureDefinition",
 "__typeHash__": 3631735738,
 "eTexFormat": 49,
 "dwVolumeXSlices": 1,
 "dwVolumeYSlices": 1,
 "dwWidth": 368,
 "dwHeight": 184,
 "dwDepth": 1,
 "dwFaceCount": 1,
 "dwMipMapLevelMin": 0,
 "dwMipMapLevelMax": 1,
 "dwImportFlags": 67110913,
 "eTextureResourceType": 0,
 "rgbavalAvgColor": {
  "r": 0.296516090631485,
  "g": 0.4313330054283142,
  "b": 0.513502299785614,
  "a": 1.2808796167373657
 },
 "pHotspot": {
  "x": 0,
  "y": 0
 },
 "serTex": [
  {
   "__type__": "SerializeData",
   "__typeHash__": 2632036962,
   "dwOffset": 0,
   "dwSizeAndFlags": 70656
  },
  {
   "__type__": "SerializeData",
   "__typeHash__": 2632036962,
   "dwOffset": 70656,
   "dwSizeAndFlags": 17664
  }
 ],
 "ptFrame": [
  {
   "__type__": "TexFrame",
   "__typeHash__": 24231676,
   "hImageHandle": 2432754982,
   "flU0": 0.66576087474823,
   "flV0": 0.005434782709926367,
   "flU1": 0.9918478727340698,
   "flV1": 0.9836956858634949,
   "flTrimU0": 0.66576087474823,
   "flTrimV0": 0.005434782709926367,
   "flTrimU1": 0.9918478727340698,
   "flTrimV1": 0.9836956858634949
  },
  {
   "__type__": "TexFrame",
   "__typeHash__": 24231676,
   "hImageHandle": 2511025768,
   "flU0": 0.0027173913549631834,
   "flV0": 0.005434782709926367,
   "flU1": 0.3288043439388275,
   "flV1": 0.9836956858634949,
   "flTrimU0": 0.0027173913549631834,
   "flTrimV0": 0.005434782709926367,
   "flTrimU1": 0.3288043439388275,
   "flTrimV1": 0.9836956858634949
  },
  {
   "__type__": "TexFrame",
   "__typeHash__": 24231676,
   "hImageHandle": 2471890375,
   "flU0": 0.33423912525177,
   "flV0": 0.005434782709926367,
   "flU1": 0.6603261232376099,
   "flV1": 0.9836956858634949,
   "flTrimU0": 0.3478260934352875,
   "flTrimV0": 0.08695652335882187,
   "flTrimU1": 0.635869562625885,
   "flTrimV1": 0.7989130616188049
  }
 ],
 "ptGCoeffs": [],
 "ptPostprocessed": "0"
}
