{
 "__fileName__": "base/meta/Texture/2DUI_FrontEnd_CharacterCustomization_NonAlpha.tex",
 "__snoID__": 2052332,
 "__type__": "TextureDefinition",
 "__typeHash__": 3631735738,
 "eTexFormat": 47,
 "dwVolumeXSlices": 1,
 "dwVolumeYSlices": 1,
 "dwWidth": 792,
 "dwHeight": 752,
 "dwDepth": 1,
 "dwFaceCount": 1,
 "dwMipMapLevelMin": 0,
 "dwMipMapLevelMax": 1,
 "dwImportFlags": 67110913,
 "eTextureResourceType": 0,
 "rgbavalAvgColor": {
  "r": 0.05831139162182808,
  "g": 0.031193871051073074,
  "b": 0.04654840752482414,
  "a": 2
 },
 "pHotspot": {
  "x": 0,
  "y": 0
 },
 "serTex": [
  {
   "__type__": "SerializeData",
   "__typeHash__": 2632036962,
   "dwOffset": 0,
   "dwSizeAndFlags": 336896
  },
  {
   "__type__": "SerializeData",
   "__typeHash__": 2632036962,
   "dwOffset": 336896,
   "dwSizeAndFlags": 96256
  }
 ],
 "ptFrame": [
  {
   "__type__": "TexFrame",
   "__typeHash__": 24231676,
   "hImageHandle": 3268852951,
   "flU0": 0.0012626262614503503,
   "flV0": 0.4999999701976776,
   "flU1": 0.9924242496490479,
   "flV1": 0.9960106015205383,
   "flTrimU0": 0.0012626262614503503,
   "flTrimV0": 0.4999999701976776,
   "flTrimU1": 0.9924242496490479,
   "flTrimV1": 0.9960106015205383
  },
  {
   "__type__": "TexFrame",
   "__typeHash__": 24231676,
   "hImageHandle": 4243832697,
   "flU0": 0.0012626262614503503,
   "flV0": 0.0013297871919348836,
   "flU1": 0.9924242496490479,
   "flV1": 0.4973404109477997,
   "flTrimU0": 0.0012626262614503503,
   "flTrimV0": 0.0013297871919348836,
   "flTrimU1": 0.9924242496490479,
   "flTrimV1": 0.4973404109477997
  }
 ],
 "ptGCoeffs": [],
 "ptPostprocessed": "0"
}
