{
 "__fileName__": "base/meta/Texture/2DUI_Bundle_HArmor_nec_stor215_icons.tex",
 "__snoID__": 1972377,
 "__type__": "TextureDefinition",
 "__typeHash__": 3631735738,
 "eTexFormat": 49,
 "dwVolumeXSlices": 1,
 "dwVolumeYSlices": 1,
 "dwWidth": 376,
 "dwHeight": 256,
 "dwDepth": 1,
 "dwFaceCount": 1,
 "dwMipMapLevelMin": 0,
 "dwMipMapLevelMax": 1,
 "dwImportFlags": 67110913,
 "eTextureResourceType": 0,
 "rgbavalAvgColor": {
  "r": 0.07317741215229034,
  "g": 0.07120072841644287,
  "b": 0.058709174394607544,
  "a": 1.536613941192627
 },
 "pHotspot": {
  "x": 0,
  "y": 0
 },
 "serTex": [
  {
   "__type__": "SerializeData",
   "__typeHash__": 2632036962,
   "dwOffset": 0,
   "dwSizeAndFlags": 98304
  },
  {
   "__type__": "SerializeData",
   "__typeHash__": 2632036962,
   "dwOffset": 98304,
   "dwSizeAndFlags": 24576
  }
 ],
 "ptFrame": [
  {
   "__type__": "TexFrame",
   "__typeHash__": 24231676,
   "hImageHandle": 1670270211,
   "flU0": 0.002659574383869767,
   "flV0": 0.00390625,
   "flU1": 0.6702127456665039,
   "flV1": 0.984375,
   "flTrimU0": 0.002659574383869767,
   "flTrimV0": 0.00390625,
   "flTrimU1": 0.6702127456665039,
   "flTrimV1": 0.984375
  },
  {
   "__type__": "TexFrame",
   "__typeHash__": 24231676,
   "hImageHandle": 2004748938,
   "flU0": 0.6755318641662598,
   "flV0": 0.00390625,
   "flU1": 0.9946808218955994,
   "flV1": 0.70703125,
   "flTrimU0": 0.6835106015205383,
   "flTrimV0": 0.16796875,
   "flTrimU1": 0.9867020845413208,
   "flTrimV1": 0.54296875
  }
 ],
 "ptGCoeffs": [],
 "ptPostprocessed": "0"
}
