{
 "__fileName__": "base/meta/Texture/2DUI_Bundle_HArmor_rog_stor212_icons_transparentElements.tex",
 "__snoID__": 1968695,
 "__type__": "TextureDefinition",
 "__typeHash__": 3631735738,
 "eTexFormat": 49,
 "dwVolumeXSlices": 1,
 "dwVolumeYSlices": 1,
 "dwWidth": 128,
 "dwHeight": 184,
 "dwDepth": 1,
 "dwFaceCount": 1,
 "dwMipMapLevelMin": 0,
 "dwMipMapLevelMax": 1,
 "dwImportFlags": 67110913,
 "eTextureResourceType": 0,
 "rgbavalAvgColor": {
  "r": 0.9070919752120972,
  "g": 0.9012356400489807,
  "b": 0.8919861316680908,
  "a": 1.088743805885315
 },
 "pHotspot": {
  "x": 0,
  "y": 0
 },
 "serTex": [
  {
   "__type__": "SerializeData",
   "__typeHash__": 2632036962,
   "dwOffset": 0,
   "dwSizeAndFlags": 23552
  },
  {
   "__type__": "SerializeData",
   "__typeHash__": 2632036962,
   "dwOffset": 23552,
   "dwSizeAndFlags": 5888
  }
 ],
 "ptFrame": [
  {
   "__type__": "TexFrame",
   "__typeHash__": 24231676,
   "hImageHandle": 1805165049,
   "flU0": 0.0078125,
   "flV0": 0.005434782709926367,
   "flU1": 0.9453125,
   "flV1": 0.9836956858634949,
   "flTrimU0": 0.0078125,
   "flTrimV0": 0.005434782709926367,
   "flTrimU1": 0.9453125,
   "flTrimV1": 0.9836956858634949
  }
 ],
 "ptGCoeffs": [],
 "ptPostprocessed": "0"
}
