{
 "__fileName__": "base/meta/Texture/2DUI_FrontEnd_DecorLarge.tex",
 "__snoID__": 2140688,
 "__type__": "TextureDefinition",
 "__typeHash__": 3631735738,
 "eTexFormat": 47,
 "dwVolumeXSlices": 1,
 "dwVolumeYSlices": 1,
 "dwWidth": 1024,
 "dwHeight": 1024,
 "dwDepth": 1,
 "dwFaceCount": 1,
 "dwMipMapLevelMin": 0,
 "dwMipMapLevelMax": 1,
 "dwImportFlags": 67108865,
 "eTextureResourceType": 0,
 "rgbavalAvgColor": {
  "r": 0.006651936564594507,
  "g": 0.003311777953058481,
  "b": 0.0014279007446020842,
  "a": 2
 },
 "pHotspot": {
  "x": 0,
  "y": 0
 },
 "serTex": [
  {
   "__type__": "SerializeData",
   "__typeHash__": 2632036962,
   "dwOffset": 0,
   "dwSizeAndFlags": 524288
  },
  {
   "__type__": "SerializeData",
   "__typeHash__": 2632036962,
   "dwOffset": 524288,
   "dwSizeAndFlags": 131072
  }
 ],
 "ptFrame": [
  {
   "__type__": "TexFrame",
   "__typeHash__": 24231676,
   "hImageHandle": 3821814647,
   "flU0": 0,
   "flV0": 0,
   "flU1": 0.94921875,
   "flV1": 0.4453125,
   "flTrimU0": 0,
   "flTrimV0": 0,
   "flTrimU1": 0.94921875,
   "flTrimV1": 0.4453125
  },
  {
   "__type__": "TexFrame",
   "__typeHash__": 24231676,
   "hImageHandle": 1646753354,
   "flU0": 0,
   "flV0": 0.4453125,
   "flU1": 0.9296875,
   "flV1": 0.974609375,
   "flTrimU0": 0,
   "flTrimV0": 0.4453125,
   "flTrimU1": 0.9296875,
   "flTrimV1": 0.974609375
  }
 ],
 "ptGCoeffs": [],
 "ptPostprocessed": "0"
}
