{
 "__fileName__": "base/meta/Texture/2DUI_Bundle_HArmor_bar_stor222_icons.tex",
 "__snoID__": 1967156,
 "__type__": "TextureDefinition",
 "__typeHash__": 3631735738,
 "eTexFormat": 49,
 "dwVolumeXSlices": 1,
 "dwVolumeYSlices": 1,
 "dwWidth": 376,
 "dwHeight": 256,
 "dwDepth": 1,
 "dwFaceCount": 1,
 "dwMipMapLevelMin": 0,
 "dwMipMapLevelMax": 1,
 "dwImportFlags": 67110913,
 "eTextureResourceType": 0,
 "rgbavalAvgColor": {
  "r": 0.43688368797302246,
  "g": 0.4287547767162323,
  "b": 0.41451412439346313,
  "a": 1.5877258777618408
 },
 "pHotspot": {
  "x": 0,
  "y": 0
 },
 "serTex": [
  {
   "__type__": "SerializeData",
   "__typeHash__": 2632036962,
   "dwOffset": 0,
   "dwSizeAndFlags": 98304
  },
  {
   "__type__": "SerializeData",
   "__typeHash__": 2632036962,
   "dwOffset": 98304,
   "dwSizeAndFlags": 24576
  }
 ],
 "ptFrame": [
  {
   "__type__": "TexFrame",
   "__typeHash__": 24231676,
   "hImageHandle": 994040638,
   "flU0": 0.6755318641662598,
   "flV0": 0.00390625,
   "flU1": 0.9946808218955994,
   "flV1": 0.70703125,
   "flTrimU0": 0.6755318641662598,
   "flTrimV0": 0.00390625,
   "flTrimU1": 0.9946808218955994,
   "flTrimV1": 0.70703125
  },
  {
   "__type__": "TexFrame",
   "__typeHash__": 24231676,
   "hImageHandle": 1514790199,
   "flU0": 0.002659574383869767,
   "flV0": 0.00390625,
   "flU1": 0.6702127456665039,
   "flV1": 0.984375,
   "flTrimU0": 0.002659574383869767,
   "flTrimV0": 0.00390625,
   "flTrimU1": 0.6702127456665039,
   "flTrimV1": 0.984375
  }
 ],
 "ptGCoeffs": [],
 "ptPostprocessed": "0"
}
