{
 "__fileName__": "base/meta/Texture/2DUI_Seasonal_Reputation_Tooltip.tex",
 "__snoID__": 1958564,
 "__type__": "TextureDefinition",
 "__typeHash__": 3631735738,
 "eTexFormat": 49,
 "dwVolumeXSlices": 1,
 "dwVolumeYSlices": 1,
 "dwWidth": 384,
 "dwHeight": 128,
 "dwDepth": 1,
 "dwFaceCount": 1,
 "dwMipMapLevelMin": 0,
 "dwMipMapLevelMax": 1,
 "dwImportFlags": 67110913,
 "eTextureResourceType": 0,
 "rgbavalAvgColor": {
  "r": 0.27400025725364685,
  "g": 0.3398568332195282,
  "b": 0.24605947732925415,
  "a": 1.322163701057434
 },
 "pHotspot": {
  "x": 0,
  "y": 0
 },
 "serTex": [
  {
   "__type__": "SerializeData",
   "__typeHash__": 2632036962,
   "dwOffset": 0,
   "dwSizeAndFlags": 49152
  },
  {
   "__type__": "SerializeData",
   "__typeHash__": 2632036962,
   "dwOffset": 49152,
   "dwSizeAndFlags": 12288
  }
 ],
 "ptFrame": [
  {
   "__type__": "TexFrame",
   "__typeHash__": 24231676,
   "hImageHandle": 1258030454,
   "flU0": 0.6276041865348816,
   "flV0": 0.0078125,
   "flU1": 0.9348958730697632,
   "flV1": 0.9296875,
   "flTrimU0": 0.6276041865348816,
   "flTrimV0": 0.0078125,
   "flTrimU1": 0.9348958730697632,
   "flTrimV1": 0.9296875
  },
  {
   "__type__": "TexFrame",
   "__typeHash__": 24231676,
   "hImageHandle": 288480807,
   "flU0": 0.0026041667442768812,
   "flV0": 0.0078125,
   "flU1": 0.3098958432674408,
   "flV1": 0.9296875,
   "flTrimU0": 0.0026041667442768812,
   "flTrimV0": 0.0078125,
   "flTrimU1": 0.3098958432674408,
   "flTrimV1": 0.9296875
  },
  {
   "__type__": "TexFrame",
   "__typeHash__": 24231676,
   "hImageHandle": 517304769,
   "flU0": 0.3151041865348816,
   "flV0": 0.0078125,
   "flU1": 0.6223958730697632,
   "flV1": 0.9296875,
   "flTrimU0": 0.3151041865348816,
   "flTrimV0": 0.0078125,
   "flTrimU1": 0.6223958730697632,
   "flTrimV1": 0.9296875
  }
 ],
 "ptGCoeffs": [],
 "ptPostprocessed": "0"
}
