{
 "__fileName__": "base/meta/Texture/2DUI_BP_S05_mnt_stor229_trophy.tex",
 "__snoID__": 1982638,
 "__type__": "TextureDefinition",
 "__typeHash__": 3631735738,
 "eTexFormat": 46,
 "dwVolumeXSlices": 1,
 "dwVolumeYSlices": 1,
 "dwWidth": 5128,
 "dwHeight": 2168,
 "dwDepth": 1,
 "dwFaceCount": 1,
 "dwMipMapLevelMin": 0,
 "dwMipMapLevelMax": 1,
 "dwImportFlags": 67110913,
 "eTextureResourceType": 0,
 "rgbavalAvgColor": {
  "r": 0.021544817835092545,
  "g": 0.015773341059684753,
  "b": 0.009886517189443111,
  "a": 2
 },
 "pHotspot": {
  "x": 0,
  "y": 0
 },
 "serTex": [
  {
   "__type__": "SerializeData",
   "__typeHash__": 2632036962,
   "dwOffset": 0,
   "dwSizeAndFlags": 5688832
  },
  {
   "__type__": "SerializeData",
   "__typeHash__": 2632036962,
   "dwOffset": 5688832,
   "dwSizeAndFlags": 1456896
  }
 ],
 "ptFrame": [
  {
   "__type__": "TexFrame",
   "__typeHash__": 24231676,
   "hImageHandle": 3193851850,
   "flU0": 0.00019500780035741627,
   "flV0": 0.0004612546181306243,
   "flU1": 0.998634934425354,
   "flV1": 0.9967712163925171,
   "flTrimU0": 0.00019500780035741627,
   "flTrimV0": 0.0004612546181306243,
   "flTrimU1": 0.998634934425354,
   "flTrimV1": 0.9967712163925171
  }
 ],
 "unk_20823c1": [],
 "ptPostprocessed": "0"
}
