{
 "__fileName__": "base/meta/Texture/2DUI_Season02_PremiumPassPurchase.tex",
 "__snoID__": 1641311,
 "__type__": "TextureDefinition",
 "__typeHash__": 3631735738,
 "eTexFormat": 46,
 "dwVolumeXSlices": 1,
 "dwVolumeYSlices": 1,
 "dwWidth": 1608,
 "dwHeight": 608,
 "dwDepth": 1,
 "dwFaceCount": 1,
 "dwMipMapLevelMin": 0,
 "dwMipMapLevelMax": 1,
 "dwImportFlags": 67111937,
 "eTextureResourceType": 0,
 "rgbavalAvgColor": {
  "r": 0.021461831405758858,
  "g": 0.016084030270576477,
  "b": 0.012264198623597622,
  "a": 2
 },
 "pHotspot": {
  "x": 0,
  "y": 0
 },
 "serTex": [
  {
   "__type__": "SerializeData",
   "__typeHash__": 2632036962,
   "dwOffset": 0,
   "dwSizeAndFlags": 505856
  },
  {
   "__type__": "SerializeData",
   "__typeHash__": 2632036962,
   "dwOffset": 505856,
   "dwSizeAndFlags": 136192
  }
 ],
 "ptFrame": [
  {
   "__type__": "TexFrame",
   "__typeHash__": 24231676,
   "hImageHandle": 855597101,
   "flU0": 0.000621890532784164,
   "flV0": 0.0016447368543595076,
   "flU1": 0.9956467151641846,
   "flV1": 0.9884868264198303,
   "flTrimU0": 0.000621890532784164,
   "flTrimV0": 0.0016447368543595076,
   "flTrimU1": 0.9956467151641846,
   "flTrimV1": 0.9884868264198303
  }
 ],
 "ptGCoeffs": [],
 "ptPostprocessed": "0"
}
