{
 "__fileName__": "base/meta/Texture/2DUI_emblem_glo035_Background.tex",
 "__snoID__": 2058224,
 "__type__": "TextureDefinition",
 "__typeHash__": 3631735738,
 "eTexFormat": 46,
 "dwVolumeXSlices": 1,
 "dwVolumeYSlices": 1,
 "dwWidth": 1472,
 "dwHeight": 384,
 "dwDepth": 1,
 "dwFaceCount": 1,
 "dwMipMapLevelMin": 0,
 "dwMipMapLevelMax": 1,
 "dwImportFlags": 67110913,
 "eTextureResourceType": 0,
 "rgbavalAvgColor": {
  "r": 0.027955589815974236,
  "g": 0.014592639170587063,
  "b": 0.006177410949021578,
  "a": 2
 },
 "pHotspot": {
  "x": 0,
  "y": 0
 },
 "serTex": [
  {
   "__type__": "SerializeData",
   "__typeHash__": 2632036962,
   "dwOffset": 0,
   "dwSizeAndFlags": 294912
  },
  {
   "__type__": "SerializeData",
   "__typeHash__": 2632036962,
   "dwOffset": 294912,
   "dwSizeAndFlags": 73728
  }
 ],
 "ptFrame": [
  {
   "__type__": "TexFrame",
   "__typeHash__": 24231676,
   "hImageHandle": 4037689994,
   "flU0": 0.0006793478387407959,
   "flV0": 0.0026041667442768812,
   "flU1": 0.9993206858634949,
   "flV1": 0.8359375,
   "flTrimU0": 0.0006793478387407959,
   "flTrimV0": 0.0026041667442768812,
   "flTrimU1": 0.9993206858634949,
   "flTrimV1": 0.8359375
  }
 ],
 "ptGCoeffs": [],
 "ptPostprocessed": "0"
}
