{
 "__fileName__": "base/meta/Texture/2DUI_Bnet_Logos.tex",
 "__snoID__": 3182,
 "__type__": "TextureDefinition",
 "__typeHash__": 3631735738,
 "eTexFormat": 49,
 "dwVolumeXSlices": 1,
 "dwVolumeYSlices": 1,
 "dwWidth": 264,
 "dwHeight": 336,
 "dwDepth": 1,
 "dwFaceCount": 1,
 "dwMipMapLevelMin": 0,
 "dwMipMapLevelMax": 1,
 "dwImportFlags": 67110913,
 "eTextureResourceType": 0,
 "rgbavalAvgColor": {
  "r": 0.19135645031929016,
  "g": 0.20131602883338928,
  "b": 0.11512720584869385,
  "a": 1.440832495689392
 },
 "pHotspot": {
  "x": 0,
  "y": 0
 },
 "serTex": [
  {
   "__type__": "SerializeData",
   "__typeHash__": 2632036962,
   "dwOffset": 0,
   "dwSizeAndFlags": 107520
  },
  {
   "__type__": "SerializeData",
   "__typeHash__": 2632036962,
   "dwOffset": 107520,
   "dwSizeAndFlags": 32256
  }
 ],
 "ptFrame": [
  {
   "__type__": "TexFrame",
   "__typeHash__": 24231676,
   "hImageHandle": 4001360950,
   "flU0": 0.007575757801532745,
   "flV0": 0.8392857313156128,
   "flU1": 0.7803030610084534,
   "flV1": 0.9821428656578064,
   "flTrimU0": 0.011363636702299118,
   "flTrimV0": 0.8422619104385376,
   "flTrimU1": 0.7689394354820251,
   "flTrimV1": 0.973214328289032
  },
  {
   "__type__": "TexFrame",
   "__typeHash__": 24231676,
   "hImageHandle": 368872661,
   "flU0": 0.007575757801532745,
   "flV0": 0.0059523810632526875,
   "flU1": 0.9924242496490479,
   "flV1": 0.4107142984867096,
   "flTrimU0": 0.007575757801532745,
   "flTrimV0": 0.0059523810632526875,
   "flTrimU1": 0.9924242496490479,
   "flTrimV1": 0.4107142984867096
  },
  {
   "__type__": "TexFrame",
   "__typeHash__": 24231676,
   "hImageHandle": 1799960165,
   "flU0": 0.007575757801532745,
   "flV0": 0.4226190447807312,
   "flU1": 0.9924242496490479,
   "flV1": 0.8273809552192688,
   "flTrimU0": 0.007575757801532745,
   "flTrimV0": 0.4226190447807312,
   "flTrimU1": 0.9924242496490479,
   "flTrimV1": 0.8273809552192688
  }
 ],
 "ptGCoeffs": [],
 "ptPostprocessed": "0"
}
