{
 "__fileName__": "base/meta/Texture/2DUI_BP_S05_EmblemBGS.tex",
 "__snoID__": 2043566,
 "__type__": "TextureDefinition",
 "__typeHash__": 3631735738,
 "eTexFormat": 49,
 "dwVolumeXSlices": 1,
 "dwVolumeYSlices": 1,
 "dwWidth": 1472,
 "dwHeight": 648,
 "dwDepth": 1,
 "dwFaceCount": 1,
 "dwMipMapLevelMin": 0,
 "dwMipMapLevelMax": 1,
 "dwImportFlags": 67110913,
 "eTextureResourceType": 0,
 "rgbavalAvgColor": {
  "r": 0.04795236140489578,
  "g": 0.03213394433259964,
  "b": 0.019398335367441177,
  "a": 1.996512532234192
 },
 "pHotspot": {
  "x": 0,
  "y": 0
 },
 "serTex": [
  {
   "__type__": "SerializeData",
   "__typeHash__": 2632036962,
   "dwOffset": 0,
   "dwSizeAndFlags": 953856
  },
  {
   "__type__": "SerializeData",
   "__typeHash__": 2632036962,
   "dwOffset": 953856,
   "dwSizeAndFlags": 248832
  }
 ],
 "ptFrame": [
  {
   "__type__": "TexFrame",
   "__typeHash__": 24231676,
   "hImageHandle": 1063550535,
   "flU0": 0.0006793478387407959,
   "flV0": 0.49845680594444275,
   "flU1": 0.9993206858634949,
   "flV1": 0.9922839403152466,
   "flTrimU0": 0.0006793478387407959,
   "flTrimV0": 0.49845680594444275,
   "flTrimU1": 0.9993206858634949,
   "flTrimV1": 0.9922839403152466
  },
  {
   "__type__": "TexFrame",
   "__typeHash__": 24231676,
   "hImageHandle": 242295014,
   "flU0": 0.0006793478387407959,
   "flV0": 0.0015432098880410194,
   "flU1": 0.9993206858634949,
   "flV1": 0.49537038803100586,
   "flTrimU0": 0.0006793478387407959,
   "flTrimV0": 0.0015432098880410194,
   "flTrimU1": 0.9993206858634949,
   "flTrimV1": 0.49537038803100586
  }
 ],
 "ptGCoeffs": [],
 "ptPostprocessed": "0"
}
