{
 "__fileName__": "base/meta/MarkingColor/Bloodhawk Hunter.mcl",
 "__snoID__": 1967135,
 "__type__": "MarkingColorDefinition",
 "__typeHash__": 4245213777,
 "nSortOrder": 0,
 "fIsTattoo": true,
 "arPaintColorSamples": [
  {
   "r": 0.1604435294866562,
   "g": 0,
   "b": 0,
   "a": 1
  },
  {
   "r": 0.025371279567480087,
   "g": 0.025371279567480087,
   "b": 0.06003161147236824,
   "a": 1
  },
  {
   "r": 0.006584957707673311,
   "g": 0.006584957707673311,
   "b": 0.09868919849395752,
   "a": 1
  }
 ],
 "flPaintRoughness": 0.7200000286102295,
 "flPaintMetalness": 0
}
