{
 "__fileName__": "base/meta/MarkingColor/Blue Glitter.mcl",
 "__snoID__": 1592420,
 "__type__": "MarkingColorDefinition",
 "__typeHash__": 4245213777,
 "nSortOrder": 13,
 "fIsTattoo": true,
 "arPaintColorSamples": [
  {
   "r": 0.01891298219561577,
   "g": 0,
   "b": 0.08241420984268188,
   "a": 1
  },
  {
   "r": 0.0000050770513553288765,
   "g": 0.06575388461351395,
   "b": 0.1541522890329361,
   "a": 1
  },
  {
   "r": 0.020951131358742714,
   "g": 0.25491586327552795,
   "b": 0.4478708505630493,
   "a": 1
  }
 ],
 "flPaintRoughness": 0.5,
 "flPaintMetalness": 0.20000000298023224
}
