{
 "__fileName__": "base/meta/MarkingColor/Bwonsamdi.mcl",
 "__snoID__": 2037690,
 "__type__": "MarkingColorDefinition",
 "__typeHash__": 4245213777,
 "nSortOrder": 0,
 "fIsTattoo": false,
 "arPaintColorSamples": [
  {
   "r": 0.058187179267406464,
   "g": 0.05637409910559654,
   "b": 0.09626612067222595,
   "a": 1
  },
  {
   "r": 0.13609856367111206,
   "g": 0.6387795805931091,
   "b": 0.7817507982254028,
   "a": 1
  },
  {
   "r": 0.7592996954917908,
   "g": 0.991392970085144,
   "b": 1,
   "a": 1
  }
 ],
 "flPaintRoughness": 0.550000011920929,
 "flPaintMetalness": 0
}
