{
 "__fileName__": "base/meta/MarkingColor/Demon Barbarian.mcl",
 "__snoID__": 2085092,
 "__type__": "MarkingColorDefinition",
 "__typeHash__": 4245213777,
 "nSortOrder": 0,
 "fIsTattoo": false,
 "arPaintColorSamples": [
  {
   "r": 0.032875921577215195,
   "g": 0.0004925037501379848,
   "b": 0.0001751239615259692,
   "a": 1
  },
  {
   "r": 0.3488648533821106,
   "g": 0.07176145166158676,
   "b": 0.03423020988702774,
   "a": 1
  },
  {
   "r": 0.7082979083061218,
   "g": 0.2195197343826294,
   "b": 0.06772459298372269,
   "a": 1
  }
 ],
 "flPaintRoughness": 0.3700000047683716,
 "flPaintMetalness": 0
}
