{
 "__fileName__": "base/meta/MarkingColor/Earthen Core.mcl",
 "__snoID__": 1972510,
 "__type__": "MarkingColorDefinition",
 "__typeHash__": 4245213777,
 "nSortOrder": 0,
 "fIsTattoo": false,
 "arPaintColorSamples": [
  {
   "r": 0,
   "g": 0,
   "b": 0,
   "a": 1
  },
  {
   "r": 1,
   "g": 0.1275297999382019,
   "b": 0.000023328002498601563,
   "a": 1
  },
  {
   "r": 1,
   "g": 0.737204909324646,
   "b": 0.038472749292850494,
   "a": 1
  }
 ],
 "flPaintRoughness": 0.699999988079071,
 "flPaintMetalness": 0
}
