{
 "__fileName__": "base/meta/MarkingColor/Frost Step.mcl",
 "__snoID__": 1989433,
 "__type__": "MarkingColorDefinition",
 "__typeHash__": 4245213777,
 "nSortOrder": 0,
 "fIsTattoo": false,
 "arPaintColorSamples": [
  {
   "r": 0,
   "g": 0,
   "b": 0,
   "a": 1
  },
  {
   "r": 0.2271365523338318,
   "g": 0.819963812828064,
   "b": 1,
   "a": 1
  },
  {
   "r": 0.6730492115020752,
   "g": 0.9658147692680359,
   "b": 1,
   "a": 1
  }
 ],
 "flPaintRoughness": 0.6800000071525574,
 "flPaintMetalness": 0
}
