{
 "__fileName__": "base/meta/MarkingColor/Gold_and_Green.mcl",
 "__snoID__": 1981241,
 "__type__": "MarkingColorDefinition",
 "__typeHash__": 4245213777,
 "nSortOrder": 12,
 "fIsTattoo": true,
 "arPaintColorSamples": [
  {
   "r": 0.01606770046055317,
   "g": 0.00010718735575210303,
   "b": 0.09868919849395752,
   "a": 1
  },
  {
   "r": 0.014310519210994244,
   "g": 0.20471014082431793,
   "b": 0.002932318253442645,
   "a": 1
  },
  {
   "r": 0.6523702144622803,
   "g": 0.5859730839729309,
   "b": 0.19397218525409698,
   "a": 1
  }
 ],
 "flPaintRoughness": 0.3799999952316284,
 "flPaintMetalness": 1
}
