{
 "__fileName__": "base/meta/MarkingColor/Illidan Stormrage.mcl",
 "__snoID__": 2025391,
 "__type__": "MarkingColorDefinition",
 "__typeHash__": 4245213777,
 "nSortOrder": 12,
 "fIsTattoo": false,
 "arPaintColorSamples": [
  {
   "r": 0.0014331346610561013,
   "g": 0.23099814355373383,
   "b": 0.04943346232175827,
   "a": 1
  },
  {
   "r": 0.0019634163472801447,
   "g": 0.6592240929603577,
   "b": 0.010397803038358688,
   "a": 1
  },
  {
   "r": 0.003697239328175783,
   "g": 1,
   "b": 0.05637409910559654,
   "a": 1
  }
 ],
 "flPaintRoughness": 1,
 "flPaintMetalness": 0.4300000071525574
}
