{
 "__fileName__": "base/meta/MarkingColor/Jinkai_Elementalist.mcl",
 "__snoID__": 1907325,
 "__type__": "MarkingColorDefinition",
 "__typeHash__": 4245213777,
 "nSortOrder": 0,
 "fIsTattoo": false,
 "arPaintColorSamples": [
  {
   "r": 0.06381487101316452,
   "g": 0.0697270855307579,
   "b": 0.0915183573961258,
   "a": 1
  },
  {
   "r": 0.14799804985523224,
   "g": 0.16364069283008575,
   "b": 0.23099814355373383,
   "a": 1
  },
  {
   "r": 0.6800204515457153,
   "g": 0.517401397228241,
   "b": 0.08919350802898407,
   "a": 1
  }
 ],
 "flPaintRoughness": 0.4699999988079071,
 "flPaintMetalness": 1
}
