{
 "__fileName__": "base/meta/MarkingColor/Obsidian Beast.mcl",
 "__snoID__": 1942913,
 "__type__": "MarkingColorDefinition",
 "__typeHash__": 4245213777,
 "nSortOrder": 0,
 "fIsTattoo": false,
 "arPaintColorSamples": [
  {
   "r": 0.013473397120833397,
   "g": 0.013473397120833397,
   "b": 0.013473397120833397,
   "a": 1
  },
  {
   "r": 0.10871115326881409,
   "g": 0.06575388461351395,
   "b": 0.027755282819271088,
   "a": 1
  },
  {
   "r": 0.8591737151145935,
   "g": 0.517401397228241,
   "b": 0.26735809445381165,
   "a": 1
  }
 ],
 "flPaintRoughness": 0.5,
 "flPaintMetalness": 0.6299999952316284
}
