{
 "__fileName__": "base/meta/MarkingColor/Orange Paint.mcl",
 "__snoID__": 1289401,
 "__type__": "MarkingColorDefinition",
 "__typeHash__": 4245213777,
 "nSortOrder": 9,
 "fIsTattoo": false,
 "arPaintColorSamples": [
  {
   "r": 0.3297290503978729,
   "g": 0.04943346232175827,
   "b": 0.003697239328175783,
   "a": 1
  },
  {
   "r": 0.353740930557251,
   "g": 0.08021926134824753,
   "b": 0.017936432734131813,
   "a": 1
  },
  {
   "r": 0.37867626547813416,
   "g": 0.12198573350906372,
   "b": 0.04455263167619705,
   "a": 1
  }
 ],
 "flPaintRoughness": 0.550000011920929,
 "flPaintMetalness": 0.05999999865889549
}
