{
 "__fileName__": "base/meta/MarkingColor/Red and Gold.mcl",
 "__snoID__": 1955577,
 "__type__": "MarkingColorDefinition",
 "__typeHash__": 4245213777,
 "nSortOrder": 0,
 "fIsTattoo": false,
 "arPaintColorSamples": [
  {
   "r": 0.259027361869812,
   "g": 0,
   "b": 0,
   "a": 1
  },
  {
   "r": 0.06190747767686844,
   "g": 0.0012017396511510015,
   "b": 0.0006381827988661826,
   "a": 1
  },
  {
   "r": 0.8512517809867859,
   "g": 0.45907992124557495,
   "b": 0.12198573350906372,
   "a": 1
  }
 ],
 "flPaintRoughness": 0.5,
 "flPaintMetalness": 0.6000000238418579
}
