{
 "__fileName__": "base/meta/MarkingColor/The Songbird.mcl",
 "__snoID__": 1935245,
 "__type__": "MarkingColorDefinition",
 "__typeHash__": 4245213777,
 "nSortOrder": 12,
 "fIsTattoo": true,
 "arPaintColorSamples": [
  {
   "r": 0.01606770046055317,
   "g": 0.00010718735575210303,
   "b": 0.09868919849395752,
   "a": 1
  },
  {
   "r": 0.275832861661911,
   "g": 0.819963812828064,
   "b": 0.8355278968811035,
   "a": 1
  },
  {
   "r": 0.6523702144622803,
   "g": 0.36859095096588135,
   "b": 0.19397218525409698,
   "a": 1
  }
 ],
 "flPaintRoughness": 0.3100000023841858,
 "flPaintMetalness": 0.09000000357627869
}
