{
 "__fileName__": "base/meta/MarkingColor/Xavius.mcl",
 "__snoID__": 1990596,
 "__type__": "MarkingColorDefinition",
 "__typeHash__": 4245213777,
 "nSortOrder": 6,
 "fIsTattoo": false,
 "arPaintColorSamples": [
  {
   "r": 0.9322769641876221,
   "g": 0.0041161770932376385,
   "b": 0.0041161770932376385,
   "a": 1
  },
  {
   "r": 0.20471014082431793,
   "g": 0.17677433788776398,
   "b": 0.2195197343826294,
   "a": 1
  },
  {
   "r": 0.259027361869812,
   "g": 0.0019634163472801447,
   "b": 0,
   "a": 1
  }
 ],
 "flPaintRoughness": 1,
 "flPaintMetalness": 0
}
