{
 "__fileName__": "base/meta/MarkingColor/Xavius.mcl",
 "__snoID__": 1990596,
 "__type__": "MarkingColorDefinition",
 "__typeHash__": 4245213777,
 "nSortOrder": 6,
 "fIsTattoo": false,
 "arPaintColorSamples": [
  {
   "r": 0.37867626547813416,
   "g": 0.012663720175623894,
   "b": 0.012663720175623894,
   "a": 1
  },
  {
   "r": 0.1275297999382019,
   "g": 0.0014331346610561013,
   "b": 0.0014331346610561013,
   "a": 1
  },
  {
   "r": 0.259027361869812,
   "g": 0.0019634163472801447,
   "b": 0,
   "a": 1
  }
 ],
 "flPaintRoughness": 1,
 "flPaintMetalness": 0
}
