{
 "__fileName__": "base/meta/Cloth/cloth_wildlife_jungleeagle_feathers_antigravity.clt",
 "__snoID__": 1929099,
 "__type__": "ClothDefinition",
 "__typeHash__": 1173939491,
 "snoAmbientSound": null,
 "dwFlags": 0,
 "unk_2a6986f": 30,
 "tClothTuning": {
  "__type__": "dmClothTuningMirror",
  "__typeHash__": 2901213531,
  "vGravity": {
   "x": 0,
   "y": 0,
   "z": 0.10000000149011612
  },
  "flGravityPadding": 0,
  "vSelfWind": {
   "x": 0,
   "y": 0,
   "z": 0
  },
  "flSelfWindPadding": 0,
  "ptInvTransform": {
   "x": 0,
   "y": 0,
   "z": 0,
   "w": 1
  },
  "boneIndex": 65535,
  "nIterations": 1,
  "flActorTrackingFactor": 0.3499999940395355,
  "flBoneTrackingFactor": 0.23999999463558197,
  "flStretchingStiffness": 0.9100000262260437,
  "flHorizontalStiffness": 0.9200000166893005,
  "flShearStiffness": 0.09000000357627869,
  "flBendingStiffness": 0.12999999523162842,
  "flExplosionFactor": 0.10000000149011612,
  "flImpulseCap": 3,
  "flImpulseFactor": 0.25,
  "flWindFactor": 0.4000000059604645,
  "flDragFactor": 0.5,
  "flLiftFactor": 0.10000000149011612,
  "flDampingFactor": 2.5999999046325684,
  "flSkinOffset": 0,
  "flSkinExponent": 0,
  "flSkinStiffness": 0,
  "flAttachmentStiffness": 0.10000000149011612,
  "flBlendHertzAdd": 0.8999999761581421,
  "flBlendHertz": 0.8999999761581421,
  "flBlendDampingRatio": 0.4000000059604645,
  "flAnimBlendFraction": 0.5,
  "flDensity": 1.0499999523162842,
  "flFrictionScale": 1,
  "fFlatten": false,
  "fUseShapeCollision": true,
  "fIsStatic": false,
  "unk_cb063a7": false,
  "unk_73a63cf": 4,
  "eSolverOverride": 3,
  "eBendModel": 0,
  "flStructurePadding1": 0,
  "flStructurePadding2": 0
 },
 "unk_570fcff": 1,
 "unk_b8886b": 0.10000000149011612,
 "unk_a3b3e2": 1,
 "unk_c5496ae": 0.10000000149011612,
 "unk_fc18a85": 1,
 "flWorldWindStrength": 1,
 "tSelfWindAmplitudeRange": {
  "rangeValue1": 0,
  "rangeValue2": 0
 },
 "tSelfWindFrequencyRange": {
  "rangeValue1": 0,
  "rangeValue2": 0
 }
}
