{
 "__fileName__": "base/meta/Cloth/necF_stor197_TRS_lamp_simHQ.clt",
 "__snoID__": 2102382,
 "__type__": "ClothDefinition",
 "__typeHash__": 1173939491,
 "snoAmbientSound": null,
 "dwFlags": 0,
 "unk_2a6986f": 46,
 "tClothTuning": {
  "__type__": "dmClothTuningMirror",
  "__typeHash__": 2901213531,
  "vGravity": {
   "x": 0,
   "y": 0,
   "z": -10
  },
  "flGravityPadding": 0,
  "vSelfWind": {
   "x": 0,
   "y": 0,
   "z": 0
  },
  "flSelfWindPadding": 0,
  "ptInvTransform": {
   "x": 0,
   "y": 0,
   "z": 0,
   "w": 1
  },
  "boneIndex": 65535,
  "nIterations": 1,
  "flActorTrackingFactor": 0.36000001430511475,
  "flBoneTrackingFactor": 0.2199999988079071,
  "flStretchingStiffness": 0.03999999910593033,
  "flHorizontalStiffness": 0.05000000074505806,
  "flShearStiffness": 0.12999999523162842,
  "flBendingStiffness": 0.07000000029802322,
  "flExplosionFactor": 0.05000000074505806,
  "flImpulseCap": 3,
  "flImpulseFactor": 0.25,
  "flWindFactor": 3.200000047683716,
  "flDragFactor": 1,
  "flLiftFactor": 0.800000011920929,
  "flDampingFactor": 0.20000000298023224,
  "flSkinOffset": 0,
  "flSkinExponent": 0,
  "flSkinStiffness": 0,
  "flAttachmentStiffness": 0.17000000178813934,
  "flBlendHertzAdd": 0.20000000298023224,
  "flBlendHertz": 0.20000000298023224,
  "flBlendDampingRatio": 0.30000001192092896,
  "flAnimBlendFraction": 0,
  "flDensity": 0.6000000238418579,
  "flFrictionScale": 1,
  "fFlatten": false,
  "fUseShapeCollision": true,
  "fIsStatic": false,
  "unk_cb063a7": false,
  "unk_73a63cf": 4,
  "eSolverOverride": 1,
  "eBendModel": 1,
  "flStructurePadding1": 0,
  "flStructurePadding2": 0
 },
 "unk_570fcff": 0.10000000149011612,
 "unk_b8886b": 0,
 "unk_a3b3e2": 0,
 "unk_c5496ae": 0.10000000149011612,
 "unk_fc18a85": 1,
 "flWorldWindStrength": 1,
 "tSelfWindAmplitudeRange": {
  "rangeValue1": 0,
  "rangeValue2": 0
 },
 "tSelfWindFrequencyRange": {
  "rangeValue1": 0,
  "rangeValue2": 0
 }
}
