{
 "__fileName__": "base/meta/Cloth/rogM_stor219_TRS_cape_loose_override_sim.clt",
 "__snoID__": 1986194,
 "__type__": "ClothDefinition",
 "__typeHash__": 1173939491,
 "snoAmbientSound": null,
 "dwFlags": 4,
 "unk_2a6986f": 60,
 "tClothTuning": {
  "__type__": "dmClothTuningMirror",
  "__typeHash__": 2901213531,
  "vGravity": {
   "x": 0,
   "y": 0,
   "z": -22
  },
  "flGravityPadding": 0,
  "vSelfWind": {
   "x": -2,
   "y": 0,
   "z": 0
  },
  "flSelfWindPadding": 0,
  "ptInvTransform": {
   "x": 0,
   "y": 0,
   "z": 0,
   "w": 1
  },
  "boneIndex": 65535,
  "nIterations": 1,
  "flActorTrackingFactor": 0.8700000047683716,
  "flBoneTrackingFactor": 0.3799999952316284,
  "flStretchingStiffness": 0.6000000238418579,
  "flHorizontalStiffness": 0.44999998807907104,
  "flShearStiffness": 0.07500000298023224,
  "flBendingStiffness": 0.07999999821186066,
  "flExplosionFactor": 0.0430000014603138,
  "flImpulseCap": 3,
  "flImpulseFactor": 0.25,
  "flWindFactor": 0.5,
  "flDragFactor": 1.2000000476837158,
  "flLiftFactor": 0.15000000596046448,
  "flDampingFactor": 0.5,
  "flSkinOffset": 0,
  "flSkinExponent": 0,
  "flSkinStiffness": 0,
  "flAttachmentStiffness": 0.9100000262260437,
  "flBlendHertzAdd": 0,
  "flBlendHertz": 0.3499999940395355,
  "flBlendDampingRatio": 0.30000001192092896,
  "flAnimBlendFraction": 0,
  "flDensity": 1,
  "flFrictionScale": 1,
  "fFlatten": false,
  "fUseShapeCollision": true,
  "fIsStatic": false,
  "unk_cb063a7": false,
  "unk_73a63cf": 4,
  "eSolverOverride": 3,
  "eBendModel": 0,
  "flStructurePadding1": 0,
  "flStructurePadding2": 0
 },
 "unk_570fcff": 0.10000000149011612,
 "unk_b8886b": 0.10000000149011612,
 "unk_a3b3e2": 1,
 "unk_c5496ae": 0.10000000149011612,
 "unk_fc18a85": 1,
 "flWorldWindStrength": 0.5,
 "tSelfWindAmplitudeRange": {
  "rangeValue1": 0.30000001192092896,
  "rangeValue2": 0.30000001192092896
 },
 "tSelfWindFrequencyRange": {
  "rangeValue1": 0.5,
  "rangeValue2": 0.4000000059604645
 }
}
