{
 "__fileName__": "base/meta/Cloth/sorM_stor219_TRS_cape_simMount.clt",
 "__snoID__": 1977610,
 "__type__": "ClothDefinition",
 "__typeHash__": 1173939491,
 "snoAmbientSound": null,
 "dwFlags": 4,
 "unk_2a6986f": 60,
 "tClothTuning": {
  "__type__": "dmClothTuningMirror",
  "__typeHash__": 2901213531,
  "vGravity": {
   "x": 0,
   "y": 0,
   "z": -20
  },
  "flGravityPadding": 0,
  "vSelfWind": {
   "x": -2,
   "y": 0,
   "z": 0
  },
  "flSelfWindPadding": 0,
  "ptInvTransform": {
   "x": 0,
   "y": 0,
   "z": 0,
   "w": 1
  },
  "boneIndex": 65535,
  "nIterations": 1,
  "flActorTrackingFactor": 0.6899999976158142,
  "flBoneTrackingFactor": 0.25999999046325684,
  "flStretchingStiffness": 0.4000000059604645,
  "flHorizontalStiffness": 0.3700000047683716,
  "flShearStiffness": 0.09000000357627869,
  "flBendingStiffness": 0.23999999463558197,
  "flExplosionFactor": 0.07000000029802322,
  "flImpulseCap": 3,
  "flImpulseFactor": 0.25,
  "flWindFactor": 0.5,
  "flDragFactor": 1,
  "flLiftFactor": 0.3499999940395355,
  "flDampingFactor": 0.20000000298023224,
  "flSkinOffset": 0,
  "flSkinExponent": 0,
  "flSkinStiffness": 0,
  "flAttachmentStiffness": 0.800000011920929,
  "flBlendHertzAdd": 0.20000000298023224,
  "flBlendHertz": 0.30000001192092896,
  "flBlendDampingRatio": 0.20000000298023224,
  "flAnimBlendFraction": 0,
  "flDensity": 1,
  "flFrictionScale": 1,
  "fFlatten": false,
  "fUseShapeCollision": true,
  "fIsStatic": false,
  "unk_cb063a7": false,
  "unk_73a63cf": 4,
  "eSolverOverride": 1,
  "eBendModel": 0,
  "flStructurePadding1": 0,
  "flStructurePadding2": 0
 },
 "unk_570fcff": 0.10000000149011612,
 "unk_b8886b": 0,
 "unk_a3b3e2": 0,
 "unk_c5496ae": 0,
 "unk_fc18a85": 1,
 "flWorldWindStrength": 0.699999988079071,
 "tSelfWindAmplitudeRange": {
  "rangeValue1": 0.30000001192092896,
  "rangeValue2": 0.30000001192092896
 },
 "tSelfWindFrequencyRange": {
  "rangeValue1": 0.5,
  "rangeValue2": 0.4000000059604645
 }
}
