{
 "__fileName__": "base/meta/Actor/Kurast_Prop_Flopping_Fish_Trout_01_Dyn.acr",
 "__snoID__": 1798987,
 "__type__": "ActorDefinition",
 "__typeHash__": 3085005858,
 "eType": 3,
 "dwFlags": 14680072,
 "dwFlagsEx": 0,
 "snoAppearance": {
  "__raw__": 1798985,
  "__group__": 9,
  "__type__": "DT_SNO",
  "__typeHash__": 2764331143,
  "__targetFileName__": "base/meta/Appearance/Kurast_Prop_Flopping_Fish_Trout_01_Dyn.app",
  "groupName": "Appearance",
  "name": "Kurast_Prop_Flopping_Fish_Trout_01_Dyn"
 },
 "arCustomizationAppearances": [],
 "arAppearanceSets": [],
 "arAnimSets": [
  {
   "__raw__": 1798989,
   "__group__": 8,
   "__type__": "DT_SNO",
   "__typeHash__": 2764331143,
   "__targetFileName__": "base/meta/AnimSet/Kurast_Prop_Flopping_Fish_Trout_01_Dyn.ans",
   "groupName": "AnimSet",
   "name": "Kurast_Prop_Flopping_Fish_Trout_01_Dyn"
  }
 ],
 "arStoreAnimSets": [],
 "snoAnimTree": null,
 "arActorAppearanceAddOnEntries": [],
 "snoDamageRemap": null,
 "arUniqueSubObjectNameInfoPerAppearance": [],
 "tAnimTreeOverride": {
  "__type__": "AnimTreeOverride",
  "__typeHash__": 3002505909,
  "ptNodeOverrides": []
 },
 "arSortedEventIndices": [],
 "eVariantType": 0,
 "tDefaultLook": {
  "__type__": "LookLink",
  "__typeHash__": 2394153027,
  "dwLookHash": 0
 },
 "dwDefaultShaderMapOverride": 4294967295,
 "gbidDefaultAddOnType": null,
 "tScaleRange": {
  "rangeValue1": 1,
  "rangeValue2": 0
 },
 "tScaleLimit": {
  "rangeValue1": 0.8500000238418579,
  "rangeValue2": 0.30000001192092896
 },
 "wcylBounds": {
  "__type__": "AxialCylinder",
  "__typeHash__": 3017070665,
  "wpBase": {
   "x": -0.00009834021329879761,
   "y": -0.047975048422813416,
   "z": -0.0773492306470871
  },
  "wdHeight": 0.15472927689552307,
  "wdRadius": 0.47719794511795044
 },
 "aabbBounds": {
  "__type__": "AABB",
  "__typeHash__": 2408934,
  "wp": {
   "x": -0.00009834021329879761,
   "y": -0.047975048422813416,
   "z": 0.000015404075384140015
  },
  "wvExt": {
   "x": 0.17780271172523499,
   "y": 0.47159940004348755,
   "z": 0.07736463844776154
  }
 },
 "wsBounds": {
  "__type__": "Sphere",
  "__typeHash__": 3384912071,
  "wpCenter": {
   "x": -0.00009834021329879761,
   "y": -0.047975048422813416,
   "z": 0.000015404075384140015
  },
  "wdRadius": 1.1472127437591553
 },
 "aabbAppearanceBoundingBox": {
  "__type__": "AABB",
  "__typeHash__": 2408934,
  "wp": {
   "x": -0.00009834021329879761,
   "y": -0.047975048422813416,
   "z": 0.000015404075384140015
  },
  "wvExt": {
   "x": 0.17780271172523499,
   "y": 0.47159940004348755,
   "z": 0.07736463844776154
  }
 },
 "wpLocationPowerSrc": {
  "x": 0,
  "y": 0,
  "z": 1
 },
 "ePickStyle": 0,
 "flAttachmentScaleFactor": 1,
 "eDefaultTeam": 0,
 "eCullingLevel": 0,
 "unk_b7a6ddf": false,
 "flFadeCorpseTimeUntilFade": 10,
 "flFadeCorpseTime": 2,
 "aAbsoluteOrientation": 0,
 "flHitFlashPower": 2,
 "flHitFlashMultiplier": 0.5,
 "flOverlayPower": 1,
 "eTopology": 1,
 "ptMsgTriggeredEvents": [],
 "ptPhysData": [
  {
   "__type__": "ActorPhysicsData",
   "__typeHash__": 1364074038,
   "snoPhysics": null,
   "snoPartialRagdollPhysics": null,
   "eMaterial": 0,
   "flExplosionFactor": 1,
   "flWindFactor": 1,
   "flPartialRagdollResponsiveness": 0.5,
   "dwExplosionChannel": 0
  }
 ],
 "ptCollData": [],
 "eActorGizmoType": -1,
 "unk_8fbba9b": 0,
 "ptGizmoData": [],
 "ptMonsterData": [],
 "ptCritterData": [],
 "ptPlayerData": [],
 "ptItemData": [],
 "ptCombatData": [],
 "ptDeathData": [],
 "ptEffectData": [],
 "ptProjData": [],
 "ptPropData": [],
 "ptMovingData": [],
 "ptBrainData": [],
 "ptServerData": [],
 "ptUIData": [],
 "ptAIData": [],
 "ptVOData": [
  {
   "__type__": "ActorVOData",
   "__typeHash__": 3142967512,
   "fVOPlaysOnPlayer": false,
   "snoSpeaker": null,
   "snoConversationList": null,
   "unk_94efee3": null
  }
 ],
 "ptNPCData": [
  {
   "__type__": "ActorNPCData",
   "__typeHash__": 3228758260,
   "unk_370e8c2": false,
   "tGeneratedLooks": [],
   "snoNPCComponentSet": null,
   "ptLoadOuts": [],
   "bOverrideObjectNpcLook": true,
   "eSheathPreference": 0
  }
 ],
 "ptSoundTableData": [
  {
   "__type__": "ActorSoundTableData",
   "__typeHash__": 2677649540,
   "szMonsterCategory": 3321043346,
   "bOverrideImportanceScore": false,
   "nImportanceScoreOverride": 50,
   "snoRunSoundTable": null,
   "snoWalkSoundTable": null,
   "snoSlideSoundTable": null,
   "snoLandSoundTable": null,
   "snoNPCBarefootRunSoundTable": null,
   "snoNPCBarefootWalkSoundTable": null,
   "snoNPCBarefootSlideSoundTable": null,
   "snoNPCBarefootLandSoundTable": null,
   "snoNPCClothRunSoundTable": null,
   "snoNPCClothWalkSoundTable": null,
   "snoNPCClothSlideSoundTable": null,
   "snoNPCClothLandSoundTable": null,
   "snoNPCLeatherRunSoundTable": null,
   "snoNPCLeatherWalkSoundTable": null,
   "snoNPCLeatherSlideSoundTable": null,
   "snoNPCLeatherLandSoundTable": null,
   "snoVoiceSoundTable": null,
   "arFoleyOverrides": [
    {
     "__type__": "ActorFoleySoundOverride",
     "__typeHash__": 88475393,
     "tFoleyMaterialTag": {
      "__type__": "FoleyMaterialTag",
      "__typeHash__": 2077459498,
      "szTag": 4077680
     },
     "unk_f77a839": [
      {
       "__raw__": 1881700,
       "__group__": 79,
       "__type__": "DT_SNO",
       "__typeHash__": 2764331143,
       "__targetFileName__": "base/meta/SoundTable/FOLY_WILD_Flopping_Beeg_Fish.sdt",
       "groupName": "SoundTable",
       "name": "FOLY_WILD_Flopping_Beeg_Fish"
      },
      null,
      null,
      null
     ]
    }
   ]
  }
 ],
 "ptMountData": [],
 "ptPostprocessed": "0",
 "snoPrefabAttachment": null,
 "unk_d2b5e35": 1,
 "snoActorService": null,
 "szPrefabLookOverride": 0,
 "dwPrefabShaderMapOverride": 4294967295,
 "arRTPCOverrides": [],
 "gbidForcedPreloadList": null
}
