{
 "__fileName__": "base/meta/Actor/Lacuni_Prop_BearTrap_ClientEffect.acr",
 "__snoID__": 1787747,
 "__type__": "ActorDefinition",
 "__typeHash__": 3085005858,
 "eType": 3,
 "dwFlags": 14680072,
 "dwFlagsEx": 0,
 "snoAppearance": {
  "__raw__": 1787740,
  "__group__": 9,
  "__type__": "DT_SNO",
  "__typeHash__": 2764331143,
  "__targetFileName__": "base/meta/Appearance/Lacuni_Prop_BearTrap_ClientEffect.app",
  "groupName": "Appearance",
  "name": "Lacuni_Prop_BearTrap_ClientEffect"
 },
 "arCustomizationAppearances": [],
 "arAppearanceSets": [],
 "arAnimSets": [
  {
   "__raw__": 1787799,
   "__group__": 8,
   "__type__": "DT_SNO",
   "__typeHash__": 2764331143,
   "__targetFileName__": "base/meta/AnimSet/Lacuni_Prop_BearTrap_ClientEffect.ans",
   "groupName": "AnimSet",
   "name": "Lacuni_Prop_BearTrap_ClientEffect"
  }
 ],
 "arStoreAnimSets": [],
 "snoAnimTree": null,
 "arActorAppearanceAddOnEntries": [],
 "snoDamageRemap": null,
 "arUniqueSubObjectNameInfoPerAppearance": [],
 "tAnimTreeOverride": {
  "__type__": "AnimTreeOverride",
  "__typeHash__": 3002505909,
  "ptNodeOverrides": []
 },
 "arSortedEventIndices": [
  0,
  1,
  2,
  3
 ],
 "eVariantType": 0,
 "tDefaultLook": {
  "__type__": "LookLink",
  "__typeHash__": 2394153027,
  "dwLookHash": 0
 },
 "dwDefaultShaderMapOverride": 4294967295,
 "gbidDefaultAddOnType": null,
 "tScaleRange": {
  "rangeValue1": 1,
  "rangeValue2": 0
 },
 "tScaleLimit": {
  "rangeValue1": 0.8500000238418579,
  "rangeValue2": 0.30000001192092896
 },
 "wcylBounds": {
  "__type__": "AxialCylinder",
  "__typeHash__": 3017070665,
  "wpBase": {
   "x": -0.05852845311164856,
   "y": 0.00357779860496521,
   "z": -0.06891512125730515
  },
  "wdHeight": 0.8981066942214966,
  "wdRadius": 0.6061478853225708
 },
 "aabbBounds": {
  "__type__": "AABB",
  "__typeHash__": 2408934,
  "wp": {
   "x": -0.05852845311164856,
   "y": 0.00357779860496521,
   "z": 0.38013821840286255
  },
  "wvExt": {
   "x": 0.6049920320510864,
   "y": 0.33980685472488403,
   "z": 0.4490533471107483
  }
 },
 "wsBounds": {
  "__type__": "Sphere",
  "__typeHash__": 3384912071,
  "wpCenter": {
   "x": -0.05852845311164856,
   "y": 0.00357779860496521,
   "z": 0.38013821840286255
  },
  "wdRadius": 1.3943336009979248
 },
 "aabbAppearanceBoundingBox": {
  "__type__": "AABB",
  "__typeHash__": 2408934,
  "wp": {
   "x": -0.05852845311164856,
   "y": 0.00357779860496521,
   "z": 0.38013821840286255
  },
  "wvExt": {
   "x": 0.6049920320510864,
   "y": 0.33980685472488403,
   "z": 0.4490533471107483
  }
 },
 "wpLocationPowerSrc": {
  "x": 0,
  "y": 0,
  "z": 1
 },
 "ePickStyle": 0,
 "flAttachmentScaleFactor": 1,
 "eDefaultTeam": 0,
 "eCullingLevel": 0,
 "unk_b7a6ddf": false,
 "flFadeCorpseTimeUntilFade": 10,
 "flFadeCorpseTime": 2,
 "aAbsoluteOrientation": 0,
 "flHitFlashPower": 1,
 "flHitFlashMultiplier": 1,
 "flOverlayPower": 1,
 "eTopology": 1,
 "ptMsgTriggeredEvents": [
  {
   "__type__": "MsgTriggeredEvent",
   "__typeHash__": 4134809062,
   "dwMsgKey": 1000,
   "ptTriggerEvent": [
    {
     "__type__": "TriggerEventEnableRagdoll",
     "__typeHash__": 3810234018,
     "dwType": 3810234018,
     "tConditions": {
      "__type__": "TriggerConditions",
      "__typeHash__": 888408526,
      "flChance": 1,
      "bMute": false,
      "bMuteExternal": false,
      "tDelay": 0,
      "tImpactVelocityRange": {
       "rangeValue1": 0,
       "rangeValue2": 0
      },
      "tImpactWeightRange": {
       "rangeValue1": 0,
       "rangeValue2": 0
      },
      "eMaterial": 0,
      "dwConditionFlags": 1038,
      "ePlayerCountCondition": 0,
      "ePerformanceBehavior": 0,
      "unk_b41b571": []
     },
     "fGenerated": false,
     "fInCreation": false,
     "dwParentActorID": 4294967295,
     "dwPad": 0,
     "tRagdollParams": {
      "__type__": "EnableRagdollParams",
      "__typeHash__": 702155408,
      "flRagdollVelocityFactor": 1,
      "flRagdollMomentumFactor": 1,
      "flRagdollActorMomentumFactor": 1
     },
     "dwActorID": 0,
     "fAffectOwner": true
    }
   ],
   "tCooldown": 0,
   "dwID": 3682713773
  },
  {
   "__type__": "MsgTriggeredEvent",
   "__typeHash__": 4134809062,
   "dwMsgKey": 1000,
   "ptTriggerEvent": [
    {
     "__type__": "TriggerEventAddEffectGroup",
     "__typeHash__": 1384905369,
     "dwType": 1384905369,
     "tConditions": {
      "__type__": "TriggerConditions",
      "__typeHash__": 888408526,
      "flChance": 1,
      "bMute": false,
      "bMuteExternal": false,
      "tDelay": 0,
      "tImpactVelocityRange": {
       "rangeValue1": 0,
       "rangeValue2": 0
      },
      "tImpactWeightRange": {
       "rangeValue1": 0,
       "rangeValue2": 0
      },
      "eMaterial": 0,
      "dwConditionFlags": 1038,
      "ePlayerCountCondition": 0,
      "ePerformanceBehavior": 0,
      "unk_b41b571": []
     },
     "fGenerated": false,
     "fInCreation": false,
     "dwParentActorID": 4294967295,
     "dwPad": 0,
     "fPlayOnOwner": true,
     "fOverrideScalarValues": false,
     "fOverridePowerEffectSize": false,
     "fOverridePowerEffectIntensity": false,
     "fOverridePowerEffectDuration": false,
     "fOverridePowerEffectLength": false,
     "fOverridePowerEffectWidth": false,
     "fOverridePowerEffectHeight": false,
     "fOverrideHardpoint": false,
     "fOverrideHardpointsTargetType": false,
     "fOverrideEffectGroupID": false,
     "unk_e312e34": 0,
     "dwActorID": 0,
     "dwID": 0,
     "unk_9758f2e": false,
     "unk_574dd8b": 0,
     "snoEffectGroup": {
      "__raw__": 671385,
      "__group__": 14,
      "__type__": "DT_SNO",
      "__typeHash__": 2764331143,
      "__targetFileName__": "base/meta/EffectGroup/InteractiveVFX_Radial_1m_5kg.efg",
      "groupName": "EffectGroup",
      "name": "InteractiveVFX_Radial_1m_5kg"
     },
     "tHardpointLinks": [
      {
       "__type__": "HardpointLink",
       "__typeHash__": 3639617719,
       "tInfo": {
        "__type__": "HardpointInfo",
        "__typeHash__": 3639515093,
        "dwHash": 0,
        "dwHashFlag": 0
       }
      },
      {
       "__type__": "HardpointLink",
       "__typeHash__": 3639617719,
       "tInfo": {
        "__type__": "HardpointInfo",
        "__typeHash__": 3639515093,
        "dwHash": 80066341,
        "dwHashFlag": 0
       }
      }
     ],
     "dwTriggerFlags": 0,
     "dwTriggerFlagsEx": 0,
     "tEffectGroupAttachPointsOverride": [
      {
       "__type__": "EffectGroupAttachPointOverride",
       "__typeHash__": 84508729,
       "tTargetLocatorName": 0,
       "eTargetType": 3,
       "dwAttachedActorID": 0
      },
      {
       "__type__": "EffectGroupAttachPointOverride",
       "__typeHash__": 84508729,
       "tTargetLocatorName": 0,
       "eTargetType": 3,
       "dwAttachedActorID": 0
      }
     ],
     "szSpawnLocatorName": 0,
     "transform": {
      "__type__": "PRTransform",
      "__typeHash__": 2588169118,
      "q": {
       "__type__": "bcQuat",
       "__typeHash__": 3955716320,
       "x": 0,
       "y": 0,
       "z": 0,
       "w": 1
      },
      "wp": {
       "x": 0,
       "y": 0,
       "z": 1
      }
     },
     "tEffectGroupHardpointLink": {
      "__type__": "HardpointLink",
      "__typeHash__": 3639617719,
      "tInfo": {
       "__type__": "HardpointInfo",
       "__typeHash__": 3639515093,
       "dwHash": 0,
       "dwHashFlag": 0
      }
     },
     "snoPowerEffectParam": null,
     "vecScale": {
      "x": 1,
      "y": 1,
      "z": 1
     },
     "vecScalar": {
      "x": 1,
      "y": 1
     },
     "flPowerEffectSizeOverride": 0,
     "flPowerEffectIntensityOverride": 0,
     "flPowerEffectDurationOverride": 0,
     "flPowerEffectLengthOverride": 0,
     "flPowerEffectWidthOverride": 0,
     "flPowerEffectHeightOverride": 0,
     "unk_a633223": {
      "x": -1,
      "y": -1
     },
     "dwUniqueID": 0
    }
   ],
   "tCooldown": 0,
   "dwID": 3170885414
  },
  {
   "__type__": "MsgTriggeredEvent",
   "__typeHash__": 4134809062,
   "dwMsgKey": 25,