{
 "__fileName__": "base/meta/Actor/RS_Goatman_Leg_Torch.acr",
 "__snoID__": 1955000,
 "__type__": "ActorDefinition",
 "__typeHash__": 3085005858,
 "eType": 3,
 "dwFlags": 14680073,
 "dwFlagsEx": 0,
 "snoAppearance": {
  "__raw__": 2021631,
  "__group__": 9,
  "__type__": "DT_SNO",
  "__typeHash__": 2764331143,
  "__targetFileName__": "base/meta/Appearance/RS_Goatman_LegTorch.app",
  "groupName": "Appearance",
  "name": "RS_Goatman_LegTorch"
 },
 "arCustomizationAppearances": [],
 "arAppearanceSets": [],
 "arAnimSets": [],
 "arStoreAnimSets": [],
 "snoAnimTree": null,
 "arActorAppearanceAddOnEntries": [],
 "snoDamageRemap": null,
 "arUniqueSubObjectNameInfoPerAppearance": [],
 "tAnimTreeOverride": {
  "__type__": "AnimTreeOverride",
  "__typeHash__": 3002505909,
  "ptNodeOverrides": []
 },
 "arSortedEventIndices": [
  0
 ],
 "eVariantType": 0,
 "tDefaultLook": {
  "__type__": "LookLink",
  "__typeHash__": 2394153027,
  "dwLookHash": 0
 },
 "dwDefaultShaderMapOverride": 4294967295,
 "gbidDefaultAddOnType": null,
 "tScaleRange": {
  "rangeValue1": 0.800000011920929,
  "rangeValue2": 0
 },
 "tScaleLimit": {
  "rangeValue1": 0.8500000238418579,
  "rangeValue2": 0.30000001192092896
 },
 "wcylBounds": {
  "__type__": "AxialCylinder",
  "__typeHash__": 3017070665,
  "wpBase": {
   "x": -0.042429447174072266,
   "y": -0.025101542472839355,
   "z": -0.0014289900427684188
  },
  "wdHeight": 0.29430878162384033,
  "wdRadius": 0.5804857015609741
 },
 "aabbBounds": {
  "__type__": "AABB",
  "__typeHash__": 2408934,
  "wp": {
   "x": -0.042429447174072266,
   "y": -0.025101542472839355,
   "z": 0.14572539925575256
  },
  "wvExt": {
   "x": 0.32576805353164673,
   "y": 0.5600589513778687,
   "z": 0.14715439081192017
  }
 },
 "wsBounds": {
  "__type__": "Sphere",
  "__typeHash__": 3384912071,
  "wpCenter": {
   "x": -0.042429447174072266,
   "y": -0.025101542472839355,
   "z": 0.14572539925575256
  },
  "wdRadius": 1.2597506046295166
 },
 "aabbAppearanceBoundingBox": {
  "__type__": "AABB",
  "__typeHash__": 2408934,
  "wp": {
   "x": -0.042429447174072266,
   "y": -0.025101542472839355,
   "z": 0.14572539925575256
  },
  "wvExt": {
   "x": 0.32576805353164673,
   "y": 0.5600589513778687,
   "z": 0.14715439081192017
  }
 },
 "wpLocationPowerSrc": {
  "x": 0,
  "y": 0,
  "z": 1
 },
 "ePickStyle": 0,
 "flAttachmentScaleFactor": 1,
 "eDefaultTeam": 0,
 "eCullingLevel": 0,
 "unk_b7a6ddf": false,
 "flFadeCorpseTimeUntilFade": 10,
 "flFadeCorpseTime": 2,
 "aAbsoluteOrientation": 0,
 "flHitFlashPower": 1,
 "flHitFlashMultiplier": 1,
 "flOverlayPower": 1,
 "eTopology": 1,
 "ptMsgTriggeredEvents": [
  {
   "__type__": "MsgTriggeredEvent",
   "__typeHash__": 4134809062,
   "dwMsgKey": 1000,
   "ptTriggerEvent": [
    {
     "__type__": "TriggerEventAddEffectGroup",
     "__typeHash__": 1384905369,
     "dwType": 1384905369,
     "tConditions": {
      "__type__": "TriggerConditions",
      "__typeHash__": 888408526,
      "flChance": 1,
      "bMute": false,
      "bMuteExternal": false,
      "tDelay": 0,
      "tImpactVelocityRange": {
       "rangeValue1": 0,
       "rangeValue2": 0
      },
      "tImpactWeightRange": {
       "rangeValue1": 0,
       "rangeValue2": 0
      },
      "eMaterial": 0,
      "dwConditionFlags": 1038,
      "ePlayerCountCondition": 0,
      "ePerformanceBehavior": 0,
      "unk_b41b571": []
     },
     "fGenerated": false,
     "fInCreation": false,
     "dwParentActorID": 4294967295,
     "dwPad": 0,
     "fPlayOnOwner": true,
     "fOverrideScalarValues": false,
     "fOverridePowerEffectSize": false,
     "fOverridePowerEffectIntensity": false,
     "fOverridePowerEffectDuration": false,
     "fOverridePowerEffectLength": false,
     "fOverridePowerEffectWidth": false,
     "fOverridePowerEffectHeight": false,
     "fOverrideHardpoint": false,
     "fOverrideHardpointsTargetType": false,
     "fOverrideEffectGroupID": false,
     "unk_e312e34": 0,
     "dwActorID": 0,
     "dwID": 0,
     "unk_9758f2e": false,
     "unk_574dd8b": 0,
     "snoEffectGroup": {
      "__raw__": 1630146,
      "__group__": 14,
      "__type__": "DT_SNO",
      "__typeHash__": 2764331143,
      "__targetFileName__": "base/meta/EffectGroup/InteractiveVFX_campfire.efg",
      "groupName": "EffectGroup",
      "name": "InteractiveVFX_campfire"
     },
     "tHardpointLinks": [
      {
       "__type__": "HardpointLink",
       "__typeHash__": 3639617719,
       "tInfo": {
        "__type__": "HardpointInfo",
        "__typeHash__": 3639515093,
        "dwHash": 0,
        "dwHashFlag": 0
       }
      },
      {
       "__type__": "HardpointLink",
       "__typeHash__": 3639617719,
       "tInfo": {
        "__type__": "HardpointInfo",
        "__typeHash__": 3639515093,
        "dwHash": 0,
        "dwHashFlag": 0
       }
      }
     ],
     "dwTriggerFlags": 0,
     "dwTriggerFlagsEx": 4,
     "tEffectGroupAttachPointsOverride": [
      {
       "__type__": "EffectGroupAttachPointOverride",
       "__typeHash__": 84508729,
       "tTargetLocatorName": 0,
       "eTargetType": 3,
       "dwAttachedActorID": 0
      },
      {
       "__type__": "EffectGroupAttachPointOverride",
       "__typeHash__": 84508729,
       "tTargetLocatorName": 0,
       "eTargetType": 3,
       "dwAttachedActorID": 0
      }
     ],
     "szSpawnLocatorName": 0,
     "transform": {
      "__type__": "PRTransform",
      "__typeHash__": 2588169118,
      "q": {
       "__type__": "bcQuat",
       "__typeHash__": 3955716320,
       "x": 0.37992823123931885,
       "y": 0.37992820143699646,
       "z": 0.5963678359985352,
       "w": 0.5963677763938904
      },
      "wp": {
       "x": -0.10000000149011612,
       "y": -0.3499999940395355,
       "z": 0.10000000149011612
      }
     },
     "tEffectGroupHardpointLink": {
      "__type__": "HardpointLink",
      "__typeHash__": 3639617719,
      "tInfo": {
       "__type__": "HardpointInfo",
       "__typeHash__": 3639515093,
       "dwHash": 0,
       "dwHashFlag": 0
      }
     },
     "snoPowerEffectParam": null,
     "vecScale": {
      "x": 0.75,
      "y": 0.75,
      "z": 0.75
     },
     "vecScalar": {
      "x": 1,
      "y": 1
     },
     "flPowerEffectSizeOverride": 0,
     "flPowerEffectIntensityOverride": 0,
     "flPowerEffectDurationOverride": 0,
     "flPowerEffectLengthOverride": 0,
     "flPowerEffectWidthOverride": 0,
     "flPowerEffectHeightOverride": 0,
     "unk_a633223": {
      "x": -1,
      "y": -1
     },
     "dwUniqueID": 0
    }
   ],
   "tCooldown": 0,
   "dwID": 2421247198
  }
 ],
 "ptPhysData": [
  {
   "__type__": "ActorPhysicsData",
   "__typeHash__": 1364074038,
   "snoPhysics": null,
   "snoPartialRagdollPhysics": null,
   "eMaterial": 0,
   "flExplosionFactor": 1,
   "flWindFactor": 1,
   "flPartialRagdollResponsiveness": 0.5,
   "dwExplosionChannel": 0
  }
 ],
 "ptCollData": [],
 "eActorGizmoType": -1,
 "unk_8fbba9b": 0,
 "ptGizmoData": [],
 "ptMonsterData": [],
 "ptCritterData": [],
 "ptPlayerData": [],
 "ptItemData": [],
 "ptCombatData": [],
 "ptDeathData": [],
 "ptEffectData": [],
 "ptProjData": [],
 "ptPropData": [],
 "ptMovingData": [],
 "ptBrainData": [],
 "ptServerData": [],
 "ptUIData": [],
 "ptAIData": [],
 "ptVOData": [
  {
   "__type__": "ActorVOData",
   "__typeHash__": 3142967512,
   "fVOPlaysOnPlayer": false,
   "snoSpeaker": null,
   "snoConversationList": null,
   "unk_94efee3": null
  }
 ],
 "ptNPCData": [
  {
   "__type__": "ActorNPCData",
   "__typeHash__": 3228758260,
   "unk_370e8c2": false,
   "tGeneratedLooks": [],
   "snoNPCComponentSet": null,
   "ptLoadOuts": [],
   "bOverrideObjectNpcLook": true,
   "eSheathPreference": 0
  }
 ],
 "ptSoundTableData": [
  {
   "__type__": "ActorSoundTableData",
   "__typeHash__": 2677649540,
   "szMonsterCategory": 3321043346,
   "bOverrideImportanceScore": false,
   "nImportanceScoreOverride": 50,
   "snoRunSoundTable": null,
   "snoWalkSoundTable": null,
   "snoSlideSoundTable": null,
   "snoLandSoundTable": null,