{
 "__fileName__": "base/meta/Actor/Spiritborn_eagleCore_RightSide.acr",
 "__snoID__": 2042494,
 "__type__": "ActorDefinition",
 "__typeHash__": 3085005858,
 "eType": 3,
 "dwFlags": 14680072,
 "dwFlagsEx": 0,
 "snoAppearance": {
  "__raw__": 2042491,
  "__group__": 9,
  "__type__": "DT_SNO",
  "__typeHash__": 2764331143,
  "__targetFileName__": "base/meta/Appearance/Spiritborn_eagleCore_RightSide.app",
  "groupName": "Appearance",
  "name": "Spiritborn_eagleCore_RightSide"
 },
 "arCustomizationAppearances": [],
 "arAppearanceSets": [],
 "arAnimSets": [
  {
   "__raw__": 2042496,
   "__group__": 8,
   "__type__": "DT_SNO",
   "__typeHash__": 2764331143,
   "__targetFileName__": "base/meta/AnimSet/Spiritborn_eagleCore_RightSide.ans",
   "groupName": "AnimSet",
   "name": "Spiritborn_eagleCore_RightSide"
  }
 ],
 "arStoreAnimSets": [],
 "snoAnimTree": null,
 "arActorAppearanceAddOnEntries": [],
 "snoDamageRemap": null,
 "arUniqueSubObjectNameInfoPerAppearance": [],
 "tAnimTreeOverride": {
  "__type__": "AnimTreeOverride",
  "__typeHash__": 3002505909,
  "ptNodeOverrides": []
 },
 "arSortedEventIndices": [
  0
 ],
 "eVariantType": 0,
 "tDefaultLook": {
  "__type__": "LookLink",
  "__typeHash__": 2394153027,
  "dwLookHash": 0
 },
 "dwDefaultShaderMapOverride": 4294967295,
 "gbidDefaultAddOnType": null,
 "tScaleRange": {
  "rangeValue1": 1,
  "rangeValue2": 0
 },
 "tScaleLimit": {
  "rangeValue1": 0.8500000238418579,
  "rangeValue2": 0.30000001192092896
 },
 "wcylBounds": {
  "__type__": "AxialCylinder",
  "__typeHash__": 3017070665,
  "wpBase": {
   "x": -0.3422507643699646,
   "y": 1.5924559831619263,
   "z": -0.12278378009796143
  },
  "wdHeight": 0.23175692558288574,
  "wdRadius": 1.5550811290740967
 },
 "aabbBounds": {
  "__type__": "AABB",
  "__typeHash__": 2408934,
  "wp": {
   "x": -0.3422507643699646,
   "y": 1.5924559831619263,
   "z": -0.006905317306518555
  },
  "wvExt": {
   "x": 0.9761577248573303,
   "y": 1.3247877359390259,
   "z": 0.11587846279144287
  }
 },
 "wsBounds": {
  "__type__": "Sphere",
  "__typeHash__": 3384912071,
  "wpCenter": {
   "x": -0.3422507643699646,
   "y": 1.5924559831619263,
   "z": -0.006905317306518555
  },
  "wdRadius": 2.2251267433166504
 },
 "aabbAppearanceBoundingBox": {
  "__type__": "AABB",
  "__typeHash__": 2408934,
  "wp": {
   "x": -0.3422507643699646,
   "y": 1.5924559831619263,
   "z": -0.006905317306518555
  },
  "wvExt": {
   "x": 0.9761577248573303,
   "y": 1.3247877359390259,
   "z": 0.11587846279144287
  }
 },
 "wpLocationPowerSrc": {
  "x": 0,
  "y": 0,
  "z": 1
 },
 "ePickStyle": 0,
 "flAttachmentScaleFactor": 1,
 "eDefaultTeam": 0,
 "eCullingLevel": 0,
 "unk_b7a6ddf": false,
 "flFadeCorpseTimeUntilFade": 10,
 "flFadeCorpseTime": 2,
 "aAbsoluteOrientation": 0,
 "flHitFlashPower": 2,
 "flHitFlashMultiplier": 0.5,
 "flOverlayPower": 1,
 "eTopology": 1,
 "ptMsgTriggeredEvents": [
  {
   "__type__": "MsgTriggeredEvent",
   "__typeHash__": 4134809062,
   "dwMsgKey": 1000,
   "ptTriggerEvent": [
    {
     "__type__": "TriggerEventActorPlayAnimation",
     "__typeHash__": 1487816389,
     "dwType": 1487816389,
     "tConditions": {
      "__type__": "TriggerConditions",
      "__typeHash__": 888408526,
      "flChance": 1,
      "bMute": false,
      "bMuteExternal": false,
      "tDelay": 0,
      "tImpactVelocityRange": {
       "rangeValue1": 0,
       "rangeValue2": 0
      },
      "tImpactWeightRange": {
       "rangeValue1": 0,
       "rangeValue2": 0
      },
      "eMaterial": 0,
      "dwConditionFlags": 1038,
      "ePlayerCountCondition": 0,
      "ePerformanceBehavior": 0,
      "unk_b41b571": []
     },
     "fGenerated": false,
     "fInCreation": false,
     "dwParentActorID": 4294967295,
     "tDuration": 0,
     "dwTriggerFlags": 0,
     "dwTriggerFlagsEx": 4,
     "tCleanup": {
      "__type__": "TriggerCleanup",
      "__typeHash__": 2029186460,
      "eOnOwnerDeath": 1,
      "eOnAnimationEnd": 0,
      "eOnSequenceEnd": 0,
      "eOnOwnerResurrection": 0,
      "eOnOwnerDeletion": 1,
      "eOnOwnerPaused": 4
     },
     "nPreviousInTrack": -1,
     "nNextInTrack": -1,
     "dwPad": 0,
     "eAnimBlendTimeMode": 0,
     "eAnimBlendOutTimeMode": 0,
     "flOverriddenBlendTime": 0,
     "flOverriddenBlendOutTime": 0,
     "dwActorID": 0,
     "eAnimLayerMode": 0,
     "eAnimBoneMasking": 7,
     "fUseBoneMasking": false,
     "bUsePowerAnimLayer": false,
     "unk_e55aa5d": false,
     "unk_9b2ead": true,
     "snonameAnim": null,
     "fPlayOnOwner": false,
     "fRandomPermutation": true,
     "nPermutationIndex": -1,
     "unk_32a328c": false,
     "flAnimSpeedScale": 1,
     "dwAnimWeight": 100,
     "eAnimLoopMode": 0,
     "unk_c86af88": 0,
     "unk_396c7d1": 0,
     "unk_515279b": false,
     "szLocatorName": 0,
     "flLocatorBlend": 0.5
    }
   ],
   "tCooldown": 0,
   "dwID": 20703873
  }
 ],
 "ptPhysData": [
  {
   "__type__": "ActorPhysicsData",
   "__typeHash__": 1364074038,
   "snoPhysics": null,
   "snoPartialRagdollPhysics": null,
   "eMaterial": 0,
   "flExplosionFactor": 1,
   "flWindFactor": 1,
   "flPartialRagdollResponsiveness": 0.5,
   "dwExplosionChannel": 0
  }
 ],
 "ptCollData": [],
 "eActorGizmoType": -1,
 "unk_8fbba9b": 0,
 "ptGizmoData": [],
 "ptMonsterData": [],
 "ptCritterData": [],
 "ptPlayerData": [],
 "ptItemData": [],
 "ptCombatData": [],
 "ptDeathData": [],
 "ptEffectData": [],
 "ptProjData": [],
 "ptPropData": [],
 "ptMovingData": [],
 "ptBrainData": [],
 "ptServerData": [],
 "ptUIData": [],
 "ptAIData": [],
 "ptVOData": [
  {
   "__type__": "ActorVOData",
   "__typeHash__": 3142967512,
   "fVOPlaysOnPlayer": false,
   "snoSpeaker": null,
   "snoConversationList": null,
   "unk_94efee3": null
  }
 ],
 "ptNPCData": [
  {
   "__type__": "ActorNPCData",
   "__typeHash__": 3228758260,
   "unk_370e8c2": false,
   "tGeneratedLooks": [],
   "snoNPCComponentSet": null,
   "ptLoadOuts": [],
   "bOverrideObjectNpcLook": true,
   "eSheathPreference": 0
  }
 ],
 "ptSoundTableData": [
  {
   "__type__": "ActorSoundTableData",
   "__typeHash__": 2677649540,
   "szMonsterCategory": 3321043346,
   "bOverrideImportanceScore": false,
   "nImportanceScoreOverride": 50,
   "snoRunSoundTable": null,
   "snoWalkSoundTable": null,
   "snoSlideSoundTable": null,
   "snoLandSoundTable": null,
   "snoNPCBarefootRunSoundTable": null,
   "snoNPCBarefootWalkSoundTable": null,
   "snoNPCBarefootSlideSoundTable": null,
   "snoNPCBarefootLandSoundTable": null,
   "snoNPCClothRunSoundTable": null,
   "snoNPCClothWalkSoundTable": null,
   "snoNPCClothSlideSoundTable": null,
   "snoNPCClothLandSoundTable": null,
   "snoNPCLeatherRunSoundTable": null,
   "snoNPCLeatherWalkSoundTable": null,
   "snoNPCLeatherSlideSoundTable": null,
   "snoNPCLeatherLandSoundTable": null,
   "snoVoiceSoundTable": null,
   "arFoleyOverrides": []
  }
 ],
 "ptMountData": [],
 "ptPostprocessed": "0",
 "snoPrefabAttachment": null,
 "unk_d2b5e35": 1,
 "snoActorService": null,
 "szPrefabLookOverride": 0,
 "dwPrefabShaderMapOverride": 4294967295,
 "arRTPCOverrides": [],
 "gbidForcedPreloadList": null
}
