{
 "__fileName__": "base/meta/Actor/TWN_Naha_KurastBridge_Guard_1HS_F.acr",
 "__snoID__": 1982146,
 "__type__": "ActorDefinition",
 "__typeHash__": 3085005858,
 "eType": 3,
 "dwFlags": 14680072,
 "dwFlagsEx": 0,
 "snoAppearance": {
  "__raw__": 471726,
  "__group__": 9,
  "__type__": "DT_SNO",
  "__typeHash__": 2764331143,
  "__targetFileName__": "base/meta/Appearance/npcF_base_invisible.app",
  "groupName": "Appearance",
  "name": "npcF_base_invisible"
 },
 "arCustomizationAppearances": [],
 "arAppearanceSets": [],
 "arAnimSets": [
  {
   "__raw__": 1329089,
   "__group__": 8,
   "__type__": "DT_SNO",
   "__typeHash__": 2764331143,
   "__targetFileName__": "base/meta/AnimSet/NPC_Idle_Random_Attack_1HSSD.ans",
   "groupName": "AnimSet",
   "name": "NPC_Idle_Random_Attack_1HSSD"
  }
 ],
 "arStoreAnimSets": [],
 "snoAnimTree": null,
 "arActorAppearanceAddOnEntries": [],
 "snoDamageRemap": null,
 "arUniqueSubObjectNameInfoPerAppearance": [],
 "tAnimTreeOverride": {
  "__type__": "AnimTreeOverride",
  "__typeHash__": 3002505909,
  "ptNodeOverrides": []
 },
 "arSortedEventIndices": [
  0,
  1
 ],
 "eVariantType": 0,
 "tDefaultLook": {
  "__type__": "LookLink",
  "__typeHash__": 2394153027,
  "dwLookHash": 0
 },
 "dwDefaultShaderMapOverride": 4294967295,
 "gbidDefaultAddOnType": null,
 "tScaleRange": {
  "rangeValue1": 1,
  "rangeValue2": 0
 },
 "tScaleLimit": {
  "rangeValue1": 0.8500000238418579,
  "rangeValue2": 0.30000001192092896
 },
 "wcylBounds": {
  "__type__": "AxialCylinder",
  "__typeHash__": 3017070665,
  "wpBase": {
   "x": -0.03099716827273369,
   "y": -4.470348358154297e-8,
   "z": 1.0076684951782227
  },
  "wdHeight": 0.3938218355178833,
  "wdRadius": 0.48260173201560974
 },
 "aabbBounds": {
  "__type__": "AABB",
  "__typeHash__": 2408934,
  "wp": {
   "x": -0.03099716827273369,
   "y": -5.960464477539063e-8,
   "z": 1.2045793533325195
  },
  "wvExt": {
   "x": 0.04366679862141609,
   "y": 0.48105788230895996,
   "z": 0.19691097736358643
  }
 },
 "wsBounds": {
  "__type__": "Sphere",
  "__typeHash__": 3384912071,
  "wpCenter": {
   "x": -0.03099716827273369,
   "y": -4.470348358154297e-8,
   "z": 1.2045793533325195
  },
  "wdRadius": 1.191227674484253
 },
 "aabbAppearanceBoundingBox": {
  "__type__": "AABB",
  "__typeHash__": 2408934,
  "wp": {
   "x": -0.03099716827273369,
   "y": -5.960464477539063e-8,
   "z": 1.2045793533325195
  },
  "wvExt": {
   "x": 0.04366679862141609,
   "y": 0.48105788230895996,
   "z": 0.19691097736358643
  }
 },
 "wpLocationPowerSrc": {
  "x": 0,
  "y": 0,
  "z": 1
 },
 "ePickStyle": 0,
 "flAttachmentScaleFactor": 0.7099999785423279,
 "eDefaultTeam": 2,
 "eCullingLevel": 0,
 "unk_b7a6ddf": false,
 "flFadeCorpseTimeUntilFade": 10,
 "flFadeCorpseTime": 2,
 "aAbsoluteOrientation": 0,
 "flHitFlashPower": 1,
 "flHitFlashMultiplier": 1,
 "flOverlayPower": 1,
 "eTopology": 1,
 "ptMsgTriggeredEvents": [
  {
   "__type__": "MsgTriggeredEvent",
   "__typeHash__": 4134809062,
   "dwMsgKey": 1000,
   "ptTriggerEvent": [
    {
     "__type__": "TriggerEventAddObject",
     "__typeHash__": 568526390,
     "dwType": 568526390,
     "tConditions": {
      "__type__": "TriggerConditions",
      "__typeHash__": 888408526,
      "flChance": 1,
      "bMute": false,
      "bMuteExternal": false,
      "tDelay": 0,
      "tImpactVelocityRange": {
       "rangeValue1": 0,
       "rangeValue2": 0
      },
      "tImpactWeightRange": {
       "rangeValue1": 0,
       "rangeValue2": 0
      },
      "eMaterial": 0,
      "dwConditionFlags": 1038,
      "ePlayerCountCondition": 0,
      "ePerformanceBehavior": 0,
      "unk_b41b571": []
     },
     "fGenerated": false,
     "fInCreation": false,
     "dwParentActorID": 4294967295,
     "tDuration": 0,
     "dwTriggerFlags": 0,
     "dwTriggerFlagsEx": 4,
     "tCleanup": {
      "__type__": "TriggerCleanup",
      "__typeHash__": 2029186460,
      "eOnOwnerDeath": 1,
      "eOnAnimationEnd": 0,
      "eOnSequenceEnd": 0,
      "eOnOwnerResurrection": 0,
      "eOnOwnerDeletion": 1,
      "eOnOwnerPaused": 4
     },
     "nPreviousInTrack": -1,
     "nNextInTrack": -1,
     "dwPad": 0,
     "fPlayOnOwner": true,
     "dwActorID": 0,
     "snoname": {
      "__raw__": 1999397,
      "__group__": 1,
      "__type__": "DT_SNO_NAME",
      "__typeHash__": 3339108615,
      "__targetFileName__": "base/meta/Actor/NPC_BaseShield_Nahantu.acr",
      "groupName": "Actor",
      "name": "NPC_BaseShield_Nahantu"
     },
     "dwID": 0,
     "tHardpointLinks": [
      {
       "__type__": "HardpointLink",
       "__typeHash__": 3639617719,
       "tInfo": {
        "__type__": "HardpointInfo",
        "__typeHash__": 3639515093,
        "dwHash": 4036545548,
        "dwHashFlag": 0
       }
      },
      {
       "__type__": "HardpointLink",
       "__typeHash__": 3639617719,
       "tInfo": {
        "__type__": "HardpointInfo",
        "__typeHash__": 3639515093,
        "dwHash": 0,
        "dwHashFlag": 0
       }
      }
     ],
     "unk_e7c25e0": 0,
     "snoPowerEffectParam": null,
     "eAttractorVolume": 0,
     "flAttractorVolumeRadius": 0,
     "flAttractorVolumeHeight": 0,
     "dwSeed": 0,
     "fBillboard": false,
     "eAddType": 0,
     "fDoNotParent": false,
     "fKeepOriginal": false,
     "fEnableMovement": false,
     "unk_773852b": false,
     "unk_62ab747": true,
     "unk_cb43646": false,
     "eAppearanceOverrideType": 0,
     "eAppearanceOverrideInventorySlot": -1,
     "snoAppearanceOverride": null,
     "fRandomLook": false,
     "tLookLink": {
      "__type__": "LookLink",
      "__typeHash__": 2394153027,
      "dwLookHash": 0
     },
     "fOverrideActorVariant": false,
     "eVariantTypeOverride": 0,
     "snoAnimSetOverride": null,
     "snoPlayerAnimSetOverrides": [],
     "dwSegmentsStep": 0,
     "dwShaderMapOverride": 4294967295,
     "nPlayerIndex": 0,
     "flScale": 1,
     "szSpawnLocatorName": 0,
     "vecScalar": {
      "x": 1,
      "y": 1
     },
     "transform": {
      "__type__": "PRTransform",
      "__typeHash__": 2588169118,
      "q": {
       "__type__": "bcQuat",
       "__typeHash__": 3955716320,
       "x": 0,
       "y": 0,
       "z": 0,
       "w": 1
      },
      "wp": {
       "x": 0,
       "y": -0.11999999731779099,
       "z": 0
      }
     },
     "tEffectGroupHardpointLink": {
      "__type__": "HardpointLink",
      "__typeHash__": 3639617719,
      "tInfo": {
       "__type__": "HardpointInfo",
       "__typeHash__": 3639515093,
       "dwHash": 0,
       "dwHashFlag": 0
      }
     },
     "unk_c7fa18a": {
      "rangeValue1": 0,
      "rangeValue2": 0
     },
     "idRActorAttachment": 0,
     "nPermIndex": 0,
     "snoCopyFromMarkerSet": null,
     "nCopyFromMarkerID": 0,
     "nMaxAttachments": 0,
     "flBlendInTime": 5,
     "flBlendOutTime": 5,
     "nPriority": 100,
     "tNPCComponentInstanceData": {
      "__type__": "NPCComponentInstanceData",
      "__typeHash__": 4148177091,
      "tNPCColorSet": {
       "__type__": "NPCColorSet",
       "__typeHash__": 2615077772,
       "arEquipmentDyes": [
        null,
        null,
        null,
        null
       ],
       "nHairColor": 0,
       "nSkinColor": 0
      },
      "ptComponents": [
       {
        "__type__": "ValidComponent",
        "__typeHash__": 2842269379,
        "tComponent": 0
       },
       {
        "__type__": "ValidComponent",
        "__typeHash__": 2842269379,
        "tComponent": 0
       },
       {
        "__type__": "ValidComponent",
        "__typeHash__": 2842269379,
        "tComponent": 0
       },
       {
        "__type__": "ValidComponent",
        "__typeHash__": 2842269379,
        "tComponent": 0
       }
      ]
     },
     "ptLightInstanceData": []
    }
   ],
   "tCooldown": 0,
   "dwID": 783131072
  },
  {
   "__type__": "MsgTriggeredEvent",
   "__typeHash__": 4134809062,
   "dwMsgKey": 1000,
   "ptTriggerEvent": [
    {
     "__type__": "TriggerEventAddObject",
     "__typeHash__": 568526390,