{
 "__fileName__": "base/meta/Actor/Ubuntu_Prop_CommonClickies_01_Attach.acr",
 "__snoID__": 1951367,
 "__type__": "ActorDefinition",
 "__typeHash__": 3085005858,
 "eType": 3,
 "dwFlags": 14680072,
 "dwFlagsEx": 0,
 "snoAppearance": {
  "__raw__": 1951365,
  "__group__": 9,
  "__type__": "DT_SNO",
  "__typeHash__": 2764331143,
  "__targetFileName__": "base/meta/Appearance/Ubuntu_Prop_CommonClickies_01_Attach.app",
  "groupName": "Appearance",
  "name": "Ubuntu_Prop_CommonClickies_01_Attach"
 },
 "arCustomizationAppearances": [],
 "arAppearanceSets": [],
 "arAnimSets": [
  {
   "__raw__": 1951369,
   "__group__": 8,
   "__type__": "DT_SNO",
   "__typeHash__": 2764331143,
   "__targetFileName__": "base/meta/AnimSet/Ubuntu_Prop_CommonClickies_01_Attach.ans",
   "groupName": "AnimSet",
   "name": "Ubuntu_Prop_CommonClickies_01_Attach"
  }
 ],
 "arStoreAnimSets": [],
 "snoAnimTree": null,
 "arActorAppearanceAddOnEntries": [],
 "snoDamageRemap": null,
 "arUniqueSubObjectNameInfoPerAppearance": [],
 "tAnimTreeOverride": {
  "__type__": "AnimTreeOverride",
  "__typeHash__": 3002505909,
  "ptNodeOverrides": []
 },
 "arSortedEventIndices": [
  0,
  1,
  2
 ],
 "eVariantType": 0,
 "tDefaultLook": {
  "__type__": "LookLink",
  "__typeHash__": 2394153027,
  "dwLookHash": 0
 },
 "dwDefaultShaderMapOverride": 4294967295,
 "gbidDefaultAddOnType": null,
 "tScaleRange": {
  "rangeValue1": 1,
  "rangeValue2": 0
 },
 "tScaleLimit": {
  "rangeValue1": 0.8500000238418579,
  "rangeValue2": 0.30000001192092896
 },
 "wcylBounds": {
  "__type__": "AxialCylinder",
  "__typeHash__": 3017070665,
  "wpBase": {
   "x": 0.06608137488365173,
   "y": -0.10274983942508698,
   "z": 0.11440598964691162
  },
  "wdHeight": 0.3525388836860657,
  "wdRadius": 0.4980657398700714
 },
 "aabbBounds": {
  "__type__": "AABB",
  "__typeHash__": 2408934,
  "wp": {
   "x": 0.06608137488365173,
   "y": -0.10274982452392578,
   "z": 0.29067546129226685
  },
  "wvExt": {
   "x": 0.43370968103408813,
   "y": 0.4391653537750244,
   "z": 0.17626941204071045
  }
 },
 "wsBounds": {
  "__type__": "Sphere",
  "__typeHash__": 3384912071,
  "wpCenter": {
   "x": 0.06608137488365173,
   "y": -0.10274983942508698,
   "z": 0.29067543148994446
  },
  "wdRadius": 1.1737501621246338
 },
 "aabbAppearanceBoundingBox": {
  "__type__": "AABB",
  "__typeHash__": 2408934,
  "wp": {
   "x": 0.06608137488365173,
   "y": -0.10274982452392578,
   "z": 0.29067546129226685
  },
  "wvExt": {
   "x": 0.43370968103408813,
   "y": 0.4391653537750244,
   "z": 0.17626941204071045
  }
 },
 "wpLocationPowerSrc": {
  "x": 0,
  "y": 0,
  "z": 1
 },
 "ePickStyle": 0,
 "flAttachmentScaleFactor": 1,
 "eDefaultTeam": 0,
 "eCullingLevel": 0,
 "unk_b7a6ddf": false,
 "flFadeCorpseTimeUntilFade": 10,
 "flFadeCorpseTime": 2,
 "aAbsoluteOrientation": 0,
 "flHitFlashPower": 2,
 "flHitFlashMultiplier": 0.5,
 "flOverlayPower": 1,
 "eTopology": 1,
 "ptMsgTriggeredEvents": [
  {
   "__type__": "MsgTriggeredEvent",
   "__typeHash__": 4134809062,
   "dwMsgKey": 25,
   "ptTriggerEvent": [
    {
     "__type__": "TriggerEventSpawnObject",
     "__typeHash__": 2703348374,
     "dwType": 2703348374,
     "tConditions": {
      "__type__": "TriggerConditions",
      "__typeHash__": 888408526,
      "flChance": 1,
      "bMute": false,
      "bMuteExternal": false,
      "tDelay": 0,
      "tImpactVelocityRange": {
       "rangeValue1": 0.5,
       "rangeValue2": 9.5
      },
      "tImpactWeightRange": {
       "rangeValue1": 0,
       "rangeValue2": 0
      },
      "eMaterial": 2,
      "dwConditionFlags": 1054,
      "ePlayerCountCondition": 0,
      "ePerformanceBehavior": 3,
      "unk_b41b571": []
     },
     "fGenerated": false,
     "fInCreation": false,
     "dwParentActorID": 4294967295,
     "dwPad": 0,
     "dwID": 0,
     "snoname": {
      "__raw__": 743754,
      "__group__": 40,
      "__type__": "DT_SNO_NAME",
      "__typeHash__": 3339108615,
      "__targetFileName__": "base/meta/Sound/Play_OBJ_IMP_Pot_Ceramic_Rough_Impacts.snd",
      "groupName": "Sound",
      "name": "Play_OBJ_IMP_Pot_Ceramic_Rough_Impacts"
     },
     "tHardpointLinks": [
      {
       "__type__": "HardpointLink",
       "__typeHash__": 3639617719,
       "tInfo": {
        "__type__": "HardpointInfo",
        "__typeHash__": 3639515093,
        "dwHash": 0,
        "dwHashFlag": 0
       }
      },
      {
       "__type__": "HardpointLink",
       "__typeHash__": 3639617719,
       "tInfo": {
        "__type__": "HardpointInfo",
        "__typeHash__": 3639515093,
        "dwHash": 0,
        "dwHashFlag": 0
       }
      }
     ],
     "dwTriggerFlags": 0,
     "dwTriggerFlagsEx": 0,
     "fRandomLook": false,
     "tLookLink": {
      "__type__": "LookLink",
      "__typeHash__": 2394153027,
      "dwLookHash": 0
     },
     "fOverrideActorVariant": false,
     "eVariantTypeOverride": 0,
     "dwSegmentsStep": 0,
     "dwShaderMapOverride": 4294967295,
     "flScale": 1,
     "dwSeed": 0,
     "szSpawnLocatorName": 0,
     "vecScalar": {
      "x": 1,
      "y": 1
     },
     "transform": {
      "__type__": "PRTransform",
      "__typeHash__": 2588169118,
      "q": {
       "__type__": "bcQuat",
       "__typeHash__": 3955716320,
       "x": 0,
       "y": 0,
       "z": 0,
       "w": 1
      },
      "wp": {
       "x": 0,
       "y": 0,
       "z": 0
      }
     },
     "tEffectGroupHardpointLink": {
      "__type__": "HardpointLink",
      "__typeHash__": 3639617719,
      "tInfo": {
       "__type__": "HardpointInfo",
       "__typeHash__": 3639515093,
       "dwHash": 0,
       "dwHashFlag": 0
      }
     },
     "unk_c7fa18a": {
      "rangeValue1": 0,
      "rangeValue2": 0
     },
     "snoPowerEffectParam": null,
     "dwSpawnedActorLife": 0,
     "tNPCComponentInstanceData": {
      "__type__": "NPCComponentInstanceData",
      "__typeHash__": 4148177091,
      "tNPCColorSet": {
       "__type__": "NPCColorSet",
       "__typeHash__": 2615077772,
       "arEquipmentDyes": [
        null,
        null,
        null,
        null
       ],
       "nHairColor": 0,
       "nSkinColor": 0
      },
      "ptComponents": [
       {
        "__type__": "ValidComponent",
        "__typeHash__": 2842269379,
        "tComponent": 0
       },
       {
        "__type__": "ValidComponent",
        "__typeHash__": 2842269379,
        "tComponent": 0
       },
       {
        "__type__": "ValidComponent",
        "__typeHash__": 2842269379,
        "tComponent": 0
       },
       {
        "__type__": "ValidComponent",
        "__typeHash__": 2842269379,
        "tComponent": 0
       }
      ]
     },
     "ptLightInstanceData": []
    }
   ],
   "tCooldown": 0,
   "dwID": 4163009164
  },
  {
   "__type__": "MsgTriggeredEvent",
   "__typeHash__": 4134809062,
   "dwMsgKey": 25,
   "ptTriggerEvent": [
    {
     "__type__": "TriggerEventSpawnObject",
     "__typeHash__": 2703348374,
     "dwType": 2703348374,
     "tConditions": {
      "__type__": "TriggerConditions",
      "__typeHash__": 888408526,
      "flChance": 1,
      "bMute": false,
      "bMuteExternal": false,
      "tDelay": 0,
      "tImpactVelocityRange": {
       "rangeValue1": 0.5,
       "rangeValue2": 9.5
      },
      "tImpactWeightRange": {
       "rangeValue1": 0,
       "rangeValue2": 0
      },
      "eMaterial": 1,
      "dwConditionFlags": 1054,
      "ePlayerCountCondition": 0,
      "ePerformanceBehavior": 3,
      "unk_b41b571": []
     },
     "fGenerated": false,
     "fInCreation": false,
     "dwParentActorID": 4294967295,
     "dwPad": 0,
     "dwID": 0,
     "snoname": {
      "__raw__": 350272,
      "__group__": 40,
      "__type__": "DT_SNO_NAME",
      "__typeHash__": 3339108615,
      "__targetFileName__": "base/meta/Sound/Play_OBJ_IMP_Metal_Weapon_Small.snd",
      "groupName": "Sound",
      "name": "Play_OBJ_IMP_Metal_Weapon_Small"
     },
     "tHardpointLinks": [
      {
       "__type__": "HardpointLink",
       "__typeHash__": 3639617719,