{
 "__fileName__": "base/meta/Actor/x1_raid_finalBoss_heavyAttk_scepter_beam_spiral_mesh.acr",
 "__snoID__": 1958891,
 "__type__": "ActorDefinition",
 "__typeHash__": 3085005858,
 "eType": 3,
 "dwFlags": 14680072,
 "dwFlagsEx": 0,
 "snoAppearance": {
  "__raw__": 1958889,
  "__group__": 9,
  "__type__": "DT_SNO",
  "__typeHash__": 2764331143,
  "__targetFileName__": "base/meta/Appearance/x1_raid_finalBoss_heavyAttk_scepter_beam_spiral_mesh.app",
  "groupName": "Appearance",
  "name": "x1_raid_finalBoss_heavyAttk_scepter_beam_spiral_mesh"
 },
 "arCustomizationAppearances": [],
 "arAppearanceSets": [],
 "arAnimSets": [],
 "arStoreAnimSets": [],
 "snoAnimTree": null,
 "arActorAppearanceAddOnEntries": [],
 "snoDamageRemap": null,
 "arUniqueSubObjectNameInfoPerAppearance": [],
 "tAnimTreeOverride": {
  "__type__": "AnimTreeOverride",
  "__typeHash__": 3002505909,
  "ptNodeOverrides": []
 },
 "arSortedEventIndices": [
  0,
  1
 ],
 "eVariantType": 0,
 "tDefaultLook": {
  "__type__": "LookLink",
  "__typeHash__": 2394153027,
  "dwLookHash": 0
 },
 "dwDefaultShaderMapOverride": 4294967295,
 "gbidDefaultAddOnType": null,
 "tScaleRange": {
  "rangeValue1": 1,
  "rangeValue2": 0
 },
 "tScaleLimit": {
  "rangeValue1": 0.8500000238418579,
  "rangeValue2": 0.30000001192092896
 },
 "wcylBounds": {
  "__type__": "AxialCylinder",
  "__typeHash__": 3017070665,
  "wpBase": {
   "x": 1.073825716972351,
   "y": -0.003602132201194763,
   "z": -0.4621281027793884
  },
  "wdHeight": 0.9217967987060547,
  "wdRadius": 1.2147226333618164
 },
 "aabbBounds": {
  "__type__": "AABB",
  "__typeHash__": 2408934,
  "wp": {
   "x": 1.073825716972351,
   "y": -0.003602132201194763,
   "z": -0.0012296885251998901
  },
  "wvExt": {
   "x": 1.1614712476730347,
   "y": 0.48109906911849976,
   "z": 0.46089839935302734
  }
 },
 "wsBounds": {
  "__type__": "Sphere",
  "__typeHash__": 3384912071,
  "wpCenter": {
   "x": 1.073825716972351,
   "y": -0.003602132201194763,
   "z": -0.0012296885251998901
  },
  "wdRadius": 1.9265508651733398
 },
 "aabbAppearanceBoundingBox": {
  "__type__": "AABB",
  "__typeHash__": 2408934,
  "wp": {
   "x": 1.073825716972351,
   "y": -0.003602132201194763,
   "z": -0.0012296885251998901
  },
  "wvExt": {
   "x": 1.1614712476730347,
   "y": 0.48109906911849976,
   "z": 0.46089839935302734
  }
 },
 "wpLocationPowerSrc": {
  "x": 0,
  "y": 0,
  "z": 1
 },
 "ePickStyle": 0,
 "flAttachmentScaleFactor": 1,
 "eDefaultTeam": 0,
 "eCullingLevel": 0,
 "unk_b7a6ddf": false,
 "flFadeCorpseTimeUntilFade": 10,
 "flFadeCorpseTime": 2,
 "aAbsoluteOrientation": 0,
 "flHitFlashPower": 2,
 "flHitFlashMultiplier": 0.5,
 "flOverlayPower": 1,
 "eTopology": 1,
 "ptMsgTriggeredEvents": [
  {
   "__type__": "MsgTriggeredEvent",
   "__typeHash__": 4134809062,
   "dwMsgKey": 1000,
   "ptTriggerEvent": [
    {
     "__type__": "TriggerEventAddRope",
     "__typeHash__": 1988397685,
     "dwType": 1988397685,
     "tConditions": {
      "__type__": "TriggerConditions",
      "__typeHash__": 888408526,
      "flChance": 1,
      "bMute": false,
      "bMuteExternal": false,
      "tDelay": 0.01666666753590107,
      "tImpactVelocityRange": {
       "rangeValue1": 0,
       "rangeValue2": 0
      },
      "tImpactWeightRange": {
       "rangeValue1": 0,
       "rangeValue2": 0
      },
      "eMaterial": 0,
      "dwConditionFlags": 1038,
      "ePlayerCountCondition": 0,
      "ePerformanceBehavior": 0,
      "unk_b41b571": []
     },
     "fGenerated": false,
     "fInCreation": false,
     "dwParentActorID": 4294967295,
     "tDuration": 0,
     "dwTriggerFlags": 0,
     "dwTriggerFlagsEx": 4,
     "tCleanup": {
      "__type__": "TriggerCleanup",
      "__typeHash__": 2029186460,
      "eOnOwnerDeath": 1,
      "eOnAnimationEnd": 0,
      "eOnSequenceEnd": 0,
      "eOnOwnerResurrection": 0,
      "eOnOwnerDeletion": 1,
      "eOnOwnerPaused": 4
     },
     "nPreviousInTrack": -1,
     "nNextInTrack": -1,
     "dwPad": 0,
     "dwID": 0,
     "snoRope": {
      "__raw__": 1819109,
      "__group__": 32,
      "__type__": "DT_SNO",
      "__typeHash__": 2764331143,
      "__targetFileName__": "base/meta/Rope/x1_raid_ finalBoss_beam_shadow_core.rop",
      "groupName": "Rope",
      "name": "x1_raid_ finalBoss_beam_shadow_core"
     },
     "snoPowerEffectParam": null,
     "tDefaultRopeAttachPoints": [
      {
       "__type__": "RopeEventAttachPoint",
       "__typeHash__": 528757367,
       "tHardpointLink": {
        "__type__": "HardpointLink",
        "__typeHash__": 3639617719,
        "tInfo": {
         "__type__": "HardpointInfo",
         "__typeHash__": 3639515093,
         "dwHash": 3471764471,
         "dwHashFlag": 0
        }
       },
       "tTargetLocatorName": 0,
       "eTargetType": 2,
       "dwAttachedActorID": 0
      },
      {
       "__type__": "RopeEventAttachPoint",
       "__typeHash__": 528757367,
       "tHardpointLink": {
        "__type__": "HardpointLink",
        "__typeHash__": 3639617719,
        "tInfo": {
         "__type__": "HardpointInfo",
         "__typeHash__": 3639515093,
         "dwHash": 3471337311,
         "dwHashFlag": 0
        }
       },
       "tTargetLocatorName": 0,
       "eTargetType": 2,
       "dwAttachedActorID": 0
      }
     ],
     "arAdditionalAttachPoints": [],
     "vecScalar": {
      "x": 1,
      "y": 1
     }
    }
   ],
   "tCooldown": 0,
   "dwID": 3652695954
  },
  {
   "__type__": "MsgTriggeredEvent",
   "__typeHash__": 4134809062,
   "dwMsgKey": 1000,
   "ptTriggerEvent": [
    {
     "__type__": "TriggerEventAddRope",
     "__typeHash__": 1988397685,
     "dwType": 1988397685,
     "tConditions": {
      "__type__": "TriggerConditions",
      "__typeHash__": 888408526,
      "flChance": 1,
      "bMute": false,
      "bMuteExternal": false,
      "tDelay": 0.01666666753590107,
      "tImpactVelocityRange": {
       "rangeValue1": 0,
       "rangeValue2": 0
      },
      "tImpactWeightRange": {
       "rangeValue1": 0,
       "rangeValue2": 0
      },
      "eMaterial": 0,
      "dwConditionFlags": 1038,
      "ePlayerCountCondition": 0,
      "ePerformanceBehavior": 0,
      "unk_b41b571": []
     },
     "fGenerated": false,
     "fInCreation": false,
     "dwParentActorID": 4294967295,
     "tDuration": 0,
     "dwTriggerFlags": 0,
     "dwTriggerFlagsEx": 4,
     "tCleanup": {
      "__type__": "TriggerCleanup",
      "__typeHash__": 2029186460,
      "eOnOwnerDeath": 1,
      "eOnAnimationEnd": 0,
      "eOnSequenceEnd": 0,
      "eOnOwnerResurrection": 0,
      "eOnOwnerDeletion": 1,
      "eOnOwnerPaused": 4
     },
     "nPreviousInTrack": -1,
     "nNextInTrack": -1,
     "dwPad": 0,
     "dwID": 0,
     "snoRope": {
      "__raw__": 1960587,
      "__group__": 32,
      "__type__": "DT_SNO",
      "__typeHash__": 2764331143,
      "__targetFileName__": "base/meta/Rope/x1_raid_ finalBoss_beam_shadow_core_dark.rop",
      "groupName": "Rope",
      "name": "x1_raid_ finalBoss_beam_shadow_core_dark"
     },
     "snoPowerEffectParam": null,
     "tDefaultRopeAttachPoints": [
      {
       "__type__": "RopeEventAttachPoint",
       "__typeHash__": 528757367,
       "tHardpointLink": {
        "__type__": "HardpointLink",
        "__typeHash__": 3639617719,
        "tInfo": {
         "__type__": "HardpointInfo",
         "__typeHash__": 3639515093,
         "dwHash": 3471764471,
         "dwHashFlag": 0
        }
       },
       "tTargetLocatorName": 0,
       "eTargetType": 2,
       "dwAttachedActorID": 0
      },
      {
       "__type__": "RopeEventAttachPoint",
       "__typeHash__": 528757367,
       "tHardpointLink": {
        "__type__": "HardpointLink",
        "__typeHash__": 3639617719,
        "tInfo": {
         "__type__": "HardpointInfo",
         "__typeHash__": 3639515093,
         "dwHash": 3471337311,
         "dwHashFlag": 0
        }
       },
       "tTargetLocatorName": 0,
       "eTargetType": 2,
       "dwAttachedActorID": 0
      }
     ],