{
 "__fileName__": "base/meta/MonsterFamily/Global_Structure.mfm",
 "__snoID__": 412091,
 "__type__": "MonsterFamilyDefinition",
 "__typeHash__": 1647198707,
 "arArchetypes": [
  {
   "__type__": "MonsterFamilyArchetype",
   "__typeHash__": 3137045551,
   "szArchetypeName": 3440294742,
   "unk_301c43c": 1032,
   "dwFlags": 0,
   "eComplexity": 0,
   "flSpeedWalking": 0.8999999761581421,
   "flSpeedRunning": 1.2999999523162842,
   "flSpeedSprinting": 1.7999999523162842,
   "flSpeedStrafing": 1.2999999523162842,
   "gbidDefaultDynamicMovementData": null,
   "gbidInCombatDynamicMovementData": null,
   "tFacingData": {
    "__type__": "ActorFacingData",
    "__typeHash__": 687910683,
    "flTurnSpeed": 12.566361427307129,
    "flRunTurnSpeed": 6.2831807136535645,
    "flDefaultAttackTurnSpeed": 25.132722854614258
   },
   "unk_38d1c6b": false,
   "unk_63732a6": false,
   "unk_904bb00": false,
   "unk_28c7e7c": false,
   "unk_b291cd3": true,
   "unk_c86d0b9": false,
   "eTiltType": 0,
   "eTiltTypeOnDeath": 2,
   "flSlowTiltSpeed": 0.5,
   "flFastTiltSpeed": 10,
   "flFastTiltAngleThreshold": 0.0872664675116539,
   "flMaxTiltAngle": 0.5235987901687622
  },
  {
   "__type__": "MonsterFamilyArchetype",
   "__typeHash__": 3137045551,
   "szArchetypeName": 3046164554,
   "unk_301c43c": 5128,
   "dwFlags": 0,
   "eComplexity": 0,
   "flSpeedWalking": 0.8999999761581421,
   "flSpeedRunning": 1.2999999523162842,
   "flSpeedSprinting": 1.7999999523162842,
   "flSpeedStrafing": 1.2999999523162842,
   "gbidDefaultDynamicMovementData": null,
   "gbidInCombatDynamicMovementData": null,
   "tFacingData": {
    "__type__": "ActorFacingData",
    "__typeHash__": 687910683,
    "flTurnSpeed": 3.4906585216522217,
    "flRunTurnSpeed": 24.434608459472656,
    "flDefaultAttackTurnSpeed": 24.434608459472656
   },
   "unk_38d1c6b": false,
   "unk_63732a6": false,
   "unk_904bb00": false,
   "unk_28c7e7c": false,
   "unk_b291cd3": true,
   "unk_c86d0b9": false,
   "eTiltType": 0,
   "eTiltTypeOnDeath": 2,
   "flSlowTiltSpeed": 0.5,
   "flFastTiltSpeed": 10,
   "flFastTiltAngleThreshold": 0.0872664675116539,
   "flMaxTiltAngle": 0.5235987901687622
  },
  {
   "__type__": "MonsterFamilyArchetype",
   "__typeHash__": 3137045551,
   "szArchetypeName": 2733853366,
   "unk_301c43c": 0,
   "dwFlags": 0,
   "eComplexity": 0,
   "flSpeedWalking": 0.8999999761581421,
   "flSpeedRunning": 1.2999999523162842,
   "flSpeedSprinting": 1.7999999523162842,
   "flSpeedStrafing": 1.2999999523162842,
   "gbidDefaultDynamicMovementData": null,
   "gbidInCombatDynamicMovementData": null,
   "tFacingData": {
    "__type__": "ActorFacingData",
    "__typeHash__": 687910683,
    "flTurnSpeed": 12.566361427307129,
    "flRunTurnSpeed": 6.2831807136535645,
    "flDefaultAttackTurnSpeed": 25.132722854614258
   },
   "unk_38d1c6b": false,
   "unk_63732a6": false,
   "unk_904bb00": false,
   "unk_28c7e7c": false,
   "unk_b291cd3": true,
   "unk_c86d0b9": false,
   "eTiltType": 0,
   "eTiltTypeOnDeath": 2,
   "flSlowTiltSpeed": 0.5,
   "flFastTiltSpeed": 10,
   "flFastTiltAngleThreshold": 0.0872664675116539,
   "flMaxTiltAngle": 0.5235987901687622
  },
  {
   "__type__": "MonsterFamilyArchetype",
   "__typeHash__": 3137045551,
   "szArchetypeName": 3629975678,
   "unk_301c43c": 5128,
   "dwFlags": 0,
   "eComplexity": 0,
   "flSpeedWalking": 0.8999999761581421,
   "flSpeedRunning": 1.2999999523162842,
   "flSpeedSprinting": 1.7999999523162842,
   "flSpeedStrafing": 1.2999999523162842,
   "gbidDefaultDynamicMovementData": null,
   "gbidInCombatDynamicMovementData": null,
   "tFacingData": {
    "__type__": "ActorFacingData",
    "__typeHash__": 687910683,
    "flTurnSpeed": 3.4906585216522217,
    "flRunTurnSpeed": 24.434608459472656,
    "flDefaultAttackTurnSpeed": 24.434608459472656
   },
   "unk_38d1c6b": false,
   "unk_63732a6": false,
   "unk_904bb00": false,
   "unk_28c7e7c": false,
   "unk_b291cd3": true,
   "unk_c86d0b9": false,
   "eTiltType": 0,
   "eTiltTypeOnDeath": 2,
   "flSlowTiltSpeed": 0.5,
   "flFastTiltSpeed": 10,
   "flFastTiltAngleThreshold": 0.0872664675116539,
   "flMaxTiltAngle": 0.5235987901687622
  },
  {
   "__type__": "MonsterFamilyArchetype",
   "__typeHash__": 3137045551,
   "szArchetypeName": 3806336224,
   "unk_301c43c": 5128,
   "dwFlags": 0,
   "eComplexity": 0,
   "flSpeedWalking": 0.8999999761581421,
   "flSpeedRunning": 1.2999999523162842,
   "flSpeedSprinting": 1.7999999523162842,
   "flSpeedStrafing": 1.2999999523162842,
   "gbidDefaultDynamicMovementData": null,
   "gbidInCombatDynamicMovementData": null,
   "tFacingData": {
    "__type__": "ActorFacingData",
    "__typeHash__": 687910683,
    "flTurnSpeed": 3.4906585216522217,
    "flRunTurnSpeed": 24.434608459472656,
    "flDefaultAttackTurnSpeed": 24.434608459472656
   },
   "unk_38d1c6b": false,
   "unk_63732a6": false,
   "unk_904bb00": false,
   "unk_28c7e7c": false,
   "unk_b291cd3": true,
   "unk_c86d0b9": false,
   "eTiltType": 0,
   "eTiltTypeOnDeath": 2,
   "flSlowTiltSpeed": 0.5,
   "flFastTiltSpeed": 10,
   "flFastTiltAngleThreshold": 0.0872664675116539,
   "flMaxTiltAngle": 0.5235987901687622
  },
  {
   "__type__": "MonsterFamilyArchetype",
   "__typeHash__": 3137045551,
   "szArchetypeName": 756919074,
   "unk_301c43c": 74760,
   "dwFlags": 0,
   "eComplexity": 0,
   "flSpeedWalking": 0.8999999761581421,
   "flSpeedRunning": 1.2999999523162842,
   "flSpeedSprinting": 1.7999999523162842,
   "flSpeedStrafing": 1.2999999523162842,
   "gbidDefaultDynamicMovementData": null,
   "gbidInCombatDynamicMovementData": null,
   "tFacingData": {
    "__type__": "ActorFacingData",
    "__typeHash__": 687910683,
    "flTurnSpeed": 12.566361427307129,
    "flRunTurnSpeed": 6.2831807136535645,
    "flDefaultAttackTurnSpeed": 25.132722854614258
   },
   "unk_38d1c6b": false,
   "unk_63732a6": false,
   "unk_904bb00": false,
   "unk_28c7e7c": false,
   "unk_b291cd3": true,
   "unk_c86d0b9": false,
   "eTiltType": 0,
   "eTiltTypeOnDeath": 2,
   "flSlowTiltSpeed": 0.5,
   "flFastTiltSpeed": 10,
   "flFastTiltAngleThreshold": 0.0872664600610733,
   "flMaxTiltAngle": 0.5235987901687622
  },
  {
   "__type__": "MonsterFamilyArchetype",
   "__typeHash__": 3137045551,
   "szArchetypeName": 1985284282,
   "unk_301c43c": 75272,
   "dwFlags": 0,
   "eComplexity": 0,
   "flSpeedWalking": 0.8999999761581421,
   "flSpeedRunning": 1.2999999523162842,
   "flSpeedSprinting": 1.7999999523162842,
   "flSpeedStrafing": 1.2999999523162842,
   "gbidDefaultDynamicMovementData": null,
   "gbidInCombatDynamicMovementData": null,
   "tFacingData": {
    "__type__": "ActorFacingData",
    "__typeHash__": 687910683,
    "flTurnSpeed": 12.566361427307129,
    "flRunTurnSpeed": 6.2831807136535645,
    "flDefaultAttackTurnSpeed": 25.132722854614258
   },
   "unk_38d1c6b": false,
   "unk_63732a6": false,
   "unk_904bb00": false,
   "unk_28c7e7c": false,
   "unk_b291cd3": true,
   "unk_c86d0b9": false,
   "eTiltType": 0,
   "eTiltTypeOnDeath": 2,
   "flSlowTiltSpeed": 1,
   "flFastTiltSpeed": 10,
   "flFastTiltAngleThreshold": 0.1745329201221466,
   "flMaxTiltAngle": 0.5235987901687622
  },
  {
   "__type__": "MonsterFamilyArchetype",
   "__typeHash__": 3137045551,
   "szArchetypeName": 3274596040,
   "unk_301c43c": 264,
   "dwFlags": 4096,
   "eComplexity": 0,
   "flSpeedWalking": 0.8999999761581421,
   "flSpeedRunning": 1.2999999523162842,
   "flSpeedSprinting": 1.7999999523162842,
   "flSpeedStrafing": 1.2999999523162842,
   "gbidDefaultDynamicMovementData": null,
   "gbidInCombatDynamicMovementData": null,
   "tFacingData": {
    "__type__": "ActorFacingData",
    "__typeHash__": 687910683,
    "flTurnSpeed": 12.566361427307129,
    "flRunTurnSpeed": 6.2831807136535645,
    "flDefaultAttackTurnSpeed": 25.132722854614258
   },
   "unk_38d1c6b": false,
   "unk_63732a6": false,
   "unk_904bb00": false,
   "unk_28c7e7c": false,
   "unk_b291cd3": true,
   "unk_c86d0b9": false,
   "eTiltType": 0,
   "eTiltTypeOnDeath": 2,
   "flSlowTiltSpeed": 0.5,