{
 "__fileName__": "base/meta/MonsterFamily/Traps_And_Hazards.mfm",
 "__snoID__": 955637,
 "__type__": "MonsterFamilyDefinition",
 "__typeHash__": 1647198707,
 "arArchetypes": [
  {
   "__type__": "MonsterFamilyArchetype",
   "__typeHash__": 3137045551,
   "szArchetypeName": 141685609,
   "unk_301c43c": 1032,
   "dwFlags": 0,
   "eComplexity": 0,
   "flSpeedWalking": 0.8999999761581421,
   "flSpeedRunning": 1.2999999523162842,
   "flSpeedSprinting": 1.7999999523162842,
   "flSpeedStrafing": 1.2999999523162842,
   "gbidDefaultDynamicMovementData": null,
   "gbidInCombatDynamicMovementData": null,
   "tFacingData": {
    "__type__": "ActorFacingData",
    "__typeHash__": 687910683,
    "flTurnSpeed": 12.566361427307129,
    "flRunTurnSpeed": 6.2831807136535645,
    "flDefaultAttackTurnSpeed": 25.132722854614258
   },
   "unk_38d1c6b": false,
   "unk_63732a6": false,
   "unk_904bb00": false,
   "unk_28c7e7c": false,
   "unk_b291cd3": true,
   "unk_c86d0b9": false,
   "eTiltType": 0,
   "eTiltTypeOnDeath": 2,
   "flSlowTiltSpeed": 0.5,
   "flFastTiltSpeed": 10,
   "flFastTiltAngleThreshold": 0.0872664600610733,
   "flMaxTiltAngle": 0.5235987901687622
  },
  {
   "__type__": "MonsterFamilyArchetype",
   "__typeHash__": 3137045551,
   "szArchetypeName": 4155200559,
   "unk_301c43c": 1032,
   "dwFlags": 0,
   "eComplexity": 0,
   "flSpeedWalking": 0.8999999761581421,
   "flSpeedRunning": 1.2999999523162842,
   "flSpeedSprinting": 1.7999999523162842,
   "flSpeedStrafing": 1.2999999523162842,
   "gbidDefaultDynamicMovementData": null,
   "gbidInCombatDynamicMovementData": null,
   "tFacingData": {
    "__type__": "ActorFacingData",
    "__typeHash__": 687910683,
    "flTurnSpeed": 12.566361427307129,
    "flRunTurnSpeed": 6.2831807136535645,
    "flDefaultAttackTurnSpeed": 25.132722854614258
   },
   "unk_38d1c6b": false,
   "unk_63732a6": false,
   "unk_904bb00": false,
   "unk_28c7e7c": false,
   "unk_b291cd3": true,
   "unk_c86d0b9": false,
   "eTiltType": 0,
   "eTiltTypeOnDeath": 2,
   "flSlowTiltSpeed": 0.5,
   "flFastTiltSpeed": 10,
   "flFastTiltAngleThreshold": 0.0872664675116539,
   "flMaxTiltAngle": 0.5235987901687622
  },
  {
   "__type__": "MonsterFamilyArchetype",
   "__typeHash__": 3137045551,
   "szArchetypeName": 342319407,
   "unk_301c43c": 1032,
   "dwFlags": 0,
   "eComplexity": 0,
   "flSpeedWalking": 0.8999999761581421,
   "flSpeedRunning": 1.2999999523162842,
   "flSpeedSprinting": 1.7999999523162842,
   "flSpeedStrafing": 1.2999999523162842,
   "gbidDefaultDynamicMovementData": null,
   "gbidInCombatDynamicMovementData": null,
   "tFacingData": {
    "__type__": "ActorFacingData",
    "__typeHash__": 687910683,
    "flTurnSpeed": 12.566361427307129,
    "flRunTurnSpeed": 6.2831807136535645,
    "flDefaultAttackTurnSpeed": 25.132722854614258
   },
   "unk_38d1c6b": false,
   "unk_63732a6": false,
   "unk_904bb00": false,
   "unk_28c7e7c": false,
   "unk_b291cd3": false,
   "unk_c86d0b9": false,
   "eTiltType": 0,
   "eTiltTypeOnDeath": 2,
   "flSlowTiltSpeed": 0.5,
   "flFastTiltSpeed": 10,
   "flFastTiltAngleThreshold": 0.0872664675116539,
   "flMaxTiltAngle": 0.5235987901687622
  },
  {
   "__type__": "MonsterFamilyArchetype",
   "__typeHash__": 3137045551,
   "szArchetypeName": 1661756964,
   "unk_301c43c": 1032,
   "dwFlags": 0,
   "eComplexity": 0,
   "flSpeedWalking": 0.8999999761581421,
   "flSpeedRunning": 1.2999999523162842,
   "flSpeedSprinting": 1.7999999523162842,
   "flSpeedStrafing": 1.2999999523162842,
   "gbidDefaultDynamicMovementData": null,
   "gbidInCombatDynamicMovementData": null,
   "tFacingData": {
    "__type__": "ActorFacingData",
    "__typeHash__": 687910683,
    "flTurnSpeed": 12.566361427307129,
    "flRunTurnSpeed": 6.2831807136535645,
    "flDefaultAttackTurnSpeed": 25.132722854614258
   },
   "unk_38d1c6b": false,
   "unk_63732a6": false,
   "unk_904bb00": false,
   "unk_28c7e7c": false,
   "unk_b291cd3": false,
   "unk_c86d0b9": false,
   "eTiltType": 0,
   "eTiltTypeOnDeath": 2,
   "flSlowTiltSpeed": 0.5,
   "flFastTiltSpeed": 10,
   "flFastTiltAngleThreshold": 0.0872664675116539,
   "flMaxTiltAngle": 0.5235987901687622
  },
  {
   "__type__": "MonsterFamilyArchetype",
   "__typeHash__": 3137045551,
   "szArchetypeName": 2751344559,
   "unk_301c43c": 1032,
   "dwFlags": 0,
   "eComplexity": 0,
   "flSpeedWalking": 0.8999999761581421,
   "flSpeedRunning": 1.2999999523162842,
   "flSpeedSprinting": 1.7999999523162842,
   "flSpeedStrafing": 1.2999999523162842,
   "gbidDefaultDynamicMovementData": null,
   "gbidInCombatDynamicMovementData": null,
   "tFacingData": {
    "__type__": "ActorFacingData",
    "__typeHash__": 687910683,
    "flTurnSpeed": 12.566361427307129,
    "flRunTurnSpeed": 6.2831807136535645,
    "flDefaultAttackTurnSpeed": 25.132722854614258
   },
   "unk_38d1c6b": false,
   "unk_63732a6": false,
   "unk_904bb00": false,
   "unk_28c7e7c": false,
   "unk_b291cd3": false,
   "unk_c86d0b9": false,
   "eTiltType": 0,
   "eTiltTypeOnDeath": 2,
   "flSlowTiltSpeed": 0.5,
   "flFastTiltSpeed": 10,
   "flFastTiltAngleThreshold": 0.0872664675116539,
   "flMaxTiltAngle": 0.5235987901687622
  },
  {
   "__type__": "MonsterFamilyArchetype",
   "__typeHash__": 3137045551,
   "szArchetypeName": 2681991791,
   "unk_301c43c": 1032,
   "dwFlags": 0,
   "eComplexity": 0,
   "flSpeedWalking": 0.8999999761581421,
   "flSpeedRunning": 1.2999999523162842,
   "flSpeedSprinting": 1.7999999523162842,
   "flSpeedStrafing": 1.2999999523162842,
   "gbidDefaultDynamicMovementData": null,
   "gbidInCombatDynamicMovementData": null,
   "tFacingData": {
    "__type__": "ActorFacingData",
    "__typeHash__": 687910683,
    "flTurnSpeed": 12.566361427307129,
    "flRunTurnSpeed": 6.2831807136535645,
    "flDefaultAttackTurnSpeed": 25.132722854614258
   },
   "unk_38d1c6b": false,
   "unk_63732a6": false,
   "unk_904bb00": false,
   "unk_28c7e7c": false,
   "unk_b291cd3": false,
   "unk_c86d0b9": false,
   "eTiltType": 0,
   "eTiltTypeOnDeath": 2,
   "flSlowTiltSpeed": 0.5,
   "flFastTiltSpeed": 10,
   "flFastTiltAngleThreshold": 0.0872664675116539,
   "flMaxTiltAngle": 0.5235987901687622
  },
  {
   "__type__": "MonsterFamilyArchetype",
   "__typeHash__": 3137045551,
   "szArchetypeName": 265838436,
   "unk_301c43c": 0,
   "dwFlags": 0,
   "eComplexity": 0,
   "flSpeedWalking": 0.8999999761581421,
   "flSpeedRunning": 1.2999999523162842,
   "flSpeedSprinting": 1.7999999523162842,
   "flSpeedStrafing": 1.2999999523162842,
   "gbidDefaultDynamicMovementData": null,
   "gbidInCombatDynamicMovementData": null,
   "tFacingData": {
    "__type__": "ActorFacingData",
    "__typeHash__": 687910683,
    "flTurnSpeed": 12.566361427307129,
    "flRunTurnSpeed": 6.2831807136535645,
    "flDefaultAttackTurnSpeed": 25.132722854614258
   },
   "unk_38d1c6b": false,
   "unk_63732a6": false,
   "unk_904bb00": false,
   "unk_28c7e7c": false,
   "unk_b291cd3": true,
   "unk_c86d0b9": false,
   "eTiltType": 0,
   "eTiltTypeOnDeath": 2,
   "flSlowTiltSpeed": 1,
   "flFastTiltSpeed": 10,
   "flFastTiltAngleThreshold": 0.1745329201221466,
   "flMaxTiltAngle": 0.5235987901687622
  },
  {
   "__type__": "MonsterFamilyArchetype",
   "__typeHash__": 3137045551,
   "szArchetypeName": 1634960548,
   "unk_301c43c": 1032,
   "dwFlags": 0,
   "eComplexity": 0,
   "flSpeedWalking": 0.8999999761581421,
   "flSpeedRunning": 1.2999999523162842,
   "flSpeedSprinting": 1.7999999523162842,
   "flSpeedStrafing": 1.2999999523162842,
   "gbidDefaultDynamicMovementData": null,
   "gbidInCombatDynamicMovementData": null,
   "tFacingData": {
    "__type__": "ActorFacingData",
    "__typeHash__": 687910683,
    "flTurnSpeed": 12.566361427307129,
    "flRunTurnSpeed": 6.2831807136535645,
    "flDefaultAttackTurnSpeed": 25.132722854614258
   },
   "unk_38d1c6b": false,
   "unk_63732a6": false,
   "unk_904bb00": false,
   "unk_28c7e7c": false,
   "unk_b291cd3": false,
   "unk_c86d0b9": false,
   "eTiltType": 0,
   "eTiltTypeOnDeath": 2,
   "flSlowTiltSpeed": 0.5,